no	Year	Authors	Citation	publication	Score
16	1933	Bohr N. 	Licht und Leben 	Naturwissenschaften. 21: 245-250. DOI: 10.1007/Bf01504277	0.329
17	1930	Bohr N. 	Die Atomtheorie und die Prinzipien der Naturbeschreibung 	Die Naturwissenschaften. 18: 73-78. DOI: 10.1007/BF01492422	0.409
18	1929	Bohr N. 	Wirkungsquantum und Naturbeschreibung 	Die Naturwissenschaften. 17: 483-486. DOI: 10.1007/BF01505680	0.363
19	1928	Bohr N. 	The Quantum Postulate and the Recent Development of Atomic Theory 	Nature. 121: 580-590. DOI: 10.1038/121580A0	0.31
20	1928	Bohr N. 	Sommerfeld und die Atomtheorie 	Die Naturwissenschaften. 16: 1036. DOI: 10.1007/BF01506818	0.319
21	1928	Bohr N. 	Das Quantenpostulat und die neuere Entwicklung der Atomistik 	Die Naturwissenschaften. 16: 245-257. DOI: 10.1007/BF01504968	0.343
22	1926	Bohr N. 	Spinning Electrons and the Structure of Spectra 	Nature. 117: 265-265. DOI: 10.1038/117265A0	0.319
23	1926	Bohr N. 	Atomtheorie und Mechanik 	Die Naturwissenschaften. 14: 1-10. DOI: 10.1007/BF01507326	0.341
24	1925	Bohr N. 	Atomic Theory and Mechanics 1 	Nature. 116: 845-852. DOI: 10.1038/116845A0	0.314
25	1924	Bohr N, Kramers H, Slater J.    LXXVI. The quantum theory of radiation 	The London, Edinburgh, and Dublin Philosophical Magazine and Journal of Science. 47: 785-802. DOI: 10.1080/14786442408565262	0.484
26	1924	Bohr N, Kramers HA, Slater JC. 	Über die Quantentheorie der Strahlung 	Zeitschrift FüR Physik. 24: 69-87. DOI: 10.1007/Bf01327235	0.654
27	1923	Bohr N. 	Über die Anwendung der Quantentheorie auf den Atombau - I. Die Grundpostulate der Quantentheorie 	Zeitschrift FüR Physik. 13: 117-165. DOI: 10.1007/BF01328209	0.338
28	1923	Bohr N. 	Linienspektren und Atombau 	Annalen Der Physik. 376: 228-288. DOI: 10.1002/Andp.19233760918	0.329
29	1922	Bohr N. 	Der Bau der Atome und die physikalischen und chemischen Eigenschaften der Elemente 	Zeitschrift FüR Physik. 9: 1-67. DOI: 10.1007/BF01326955	0.365
30	1921	Bohr N. 	Zur Frage der Polarisation der Strahlung in der Quantentheorie 	Zeitschrift FüR Physik. 6: 1-9. DOI: 10.1007/BF01327957	0.325
37	1922	Bohr N. 	The difference between series spectra of isotopes [5] 	Nature. 109: 746. DOI: 10.1038/109746A0	0.277
52	1924	Bohr N. 	Zur Polarisation des Fluorescenzlichtes 	Die Naturwissenschaften. 12: 1115-1117. DOI: 10.1007/BF01504640	0.234
56	1923	Bohr N. 	Über den Bau der Atome 	Die Naturwissenschaften. 11: 606-624. DOI: 10.1007/BF01554358	0.227
67	1923	Bohr N, Coster D. 	Röntgenspektren und periodisches System der Elemente 	Zeitschrift FüR Physik. 12: 342-374. DOI: 10.1007/BF01328104	0.214
76	1931	Bohr N. 	Maxwell and modern theoretical physics 	Nature. 128: 691-692. DOI: 10.1038/128691A0	0.208
92	1925	Bohr N. 	Über die Wirkung von Atomen bei Stößen 	Zeitschrift FüR Physik. 34: 142-157. DOI: 10.1007/BF01328464	0.19
99	1925	Bohr N. 	Atomic theory and mechanics 	Nature. 116: 845-852.	0.184
103	1932	Bohr N. 	Faraday lecture. Chemistry and the quantum theory of atomic constitution 	Journal of the Chemical Society (Resumed). 349-384. DOI: 10.1039/JR9320000349	0.18
105	1926	BOHR N. 	Sir Ernest Rutherford, O.M., 	P.R.S Nature. 118: 51-52. DOI: 10.1038/118051a0x	0.178
106	1928	Bohr N. 	Quantum postulate and the recent development of atomic theory 	Nature. 121: 580-591.	0.178
107	1923	Piaggio HTH, Bohr N. 	The Theory of Spectra and Atomic Constitution 	The Mathematical Gazette. 11: 318. DOI: 10.2307/3603781	0.177
108	1933	Bohr N. 	Light and life 	Nature. 131: 421-423. DOI: 10.1038/131421A0	0.176
111	1923	Bohr N. 	The structure of the atom 	Nature. 112: 29-44.	0.168
114	1921	Bohr N. 	Atomic structure [1] 	Nature. 107: 104-107. DOI: 10.1038/107104a0	0.168
115	1921	Bohr N. 	Atomic structure [2]	 Nature. 108: 208-209. DOI: 10.1038/108208b0	0.168
119	1924	Piaggio HTH, Campbell NR, Lorentz HA, Rutherford E, de Broglie M, Millikan RA, Onnes HK, Weiss P, Brillouin L, Bragg WH, de Haas WJ, Bohr N, Ehrenfest P. 	Modern Electrical Theory. Supplementary Chapters. Chapter XVII.: The Structure of the Atom 	The Mathematical Gazette. 12: 117. DOI: 10.2307/3604665	0.157
138	1926	Bohr N. 	Spinning electrons and the structure of spectra [2] 	Nature. 117: 265.	0.014
143	1922	Bohr N. 	The effect of electric and magnetic fields on spectral lines 	Proceedings of the Physical Society of London. 35: 275-302. DOI: 10.1088/1478-7814/35/1/342	0.01
19	1932	Born M, Mayer JE. 	Zur Gittertheorie der Ionenkristalle 	Zeitschrift FüR Physik. 75: 1-18. DOI: 10.1007/BF01340511	0.315
20	1926	Born M, Wiener N. 	Eine neue Formulierung der Quantengesetze für periodische und nicht periodische Vorgänge 	Zeitschrift FüR Physik. 36: 174-187. DOI: 10.1007/BF01382261	0.565
21	1926	Born M, Heisenberg W, Jordan P. 	Zur Quantenmechanik. II. 	Zeitschrift FüR Physik. 35: 557-615. DOI: 10.1007/Bf01379806	0.748
22	1926	Born M, Wiener N. 	A New Formulation of the Laws of Quantization of Periodic and Aperiodic Phenomena 	Journal of Mathematics and Physics. 5: 84-98. DOI: 10.1002/SAPM19265184	0.521
23	1925	Born M, Jordan P. 	Zur Quantentheorie aperiodischer Vorgänge 	Zeitschrift FüR Physik. 33: 479-505. DOI: 10.1007/Bf01328329	0.579
24	1924	Born M, Heisenberg W. 	Über den Einfluß der Deformierbarkeit der Ionen auf optische und chemische Konstanten. I 	Zeitschrift FüR Physik. 23: 388-410. DOI: 10.1007/BF01327603	0.674
25	1924	Born M, Heisenberg W. 	Zur Quantentheorie der Molekeln 	Annalen Der Physik. 389: 457-484. DOI: 10.1002/Andp.19273892002	0.691
26	1923	Born M, Heisenberg W. 	Über Phasenbeziehungen bei den Bohrschen Modellen von Atomen und Molekeln	 Zeitschrift FüR Physik. 14: 44-55. DOI: 10.1007/BF01340032	0.67
27	1923	Born M, Heisenberg W. 	Die Elektronenbahnen im angeregten Heliumatom 	Zeitschrift FüR Physik. 16: 229-243. DOI: 10.1007/BF01327396	0.692
165	1933	Born M. 	Modified field equations with a finite radius of the electron 	Nature. 132: 282-282. DOI: 10.1038/132282A0	0.266
166	1933	Born M, Infeld L. 	Foundations of the New Field Theory 	Nature. 132: 1004-1004. DOI: 10.1038/1321004B0	0.266
167	1933	Born M, Flügge S. 	Zur Quantenmechanik des Zweiatomsystems 	Annalen Der Physik. 408: 768-780. DOI: 10.1002/Andp.19334080704	0.266
168	1932	Born M. 	Geometrische und undulatorische Abbildungsfehler der optischen Instrumente 	Die Naturwissenschaften. 20: 921-923. DOI: 10.1007/BF01504700	0.266
169	1932	Born M. 	Eine Bemerkung über den Elektronenradius 	Die Naturwissenschaften. 20: 269. DOI: 10.1007/BF01504484	0.266
170	1932	Born M. 	Zur Deutung der ultravioletten Absorptionsbanden der Alkalihalogenide 	Zeitschrift FüR Physik. 79: 62-68. DOI: 10.1007/BF01349501	0.266
171	1932	Born M. 	Die ultraroten Eigenfrequenzen der Alkalihalogenidkristalle 	Zeitschrift FüR Physik. 76: 559-560. DOI: 10.1007/BF01336737	0.266
172	1931	Born M. 	Ansätze zur Quantenelektrodynamik 	Zeitschrift FüR Physik. 69: 141-152. DOI: 10.1007/BF01798119	0.266
173	1930	Born M. 	The Quantum Theory of Chemical Valence. 	Nature. 126: 205-205. DOI: 10.1038/126205D0	0.266
174	1930	Born M. 	Zur Quantentheorie der chemischen Kräfte 	Zeitschrift FüR Physik. 65: 718. DOI: 10.1007/BF01391171	0.266
175	1929	Born M. 	Über den Sinn der physikalischen Theorien 	Die Naturwissenschaften. 17: 109-118. DOI: 10.1007/BF01506413	0.266
176	1929	Born M. 	Zur Theorie des Kernzerfalls 	Zeitschrift FüR Physik. 58: 306-321. DOI: 10.1007/BF01340382	0.266
177	1928	Born M. 	Sommerfeld als Begründer einer Schule 	Die Naturwissenschaften. 16: 1035-1036. DOI: 10.1007/BF01506817	0.266
178	1928	Born M, Fock V. 	Beweis des Adiabatensatzes 	Zeitschrift FüR Physik. 51: 165-180. DOI: 10.1007/BF01343193	0.266
179	1927	Fowler RH, Born M, Fisher JW, Hartree DR. 	The Mechanics of the Atom 	The Mathematical Gazette. 13: 428. DOI: 10.2307/3602769	0.266
180	1927	Born M. 	Physical aspects of quantum mechanics 	Nature. 119: 354-357. DOI: 10.1038/119354A0	0.266
181	1927	Born M. 	Quantenmechanik und Statistik 	Die Naturwissenschaften. 15: 238-242. DOI: 10.1007/BF01504193	0.266
182	1927	Born M. 	Das Adiabatenprinzip in der Quantenmechanik 	Zeitschrift FüR Physik. 40: 167-192. DOI: 10.1007/BF01400360	0.266
183	1926	Born M. 	Zur Quantenmechanik der Stoßvorgänge 	Zeitschrift FüR Physik. 37: 863-867. DOI: 10.1007/BF01397477	0.266
184	1926	Born M. 	Quantenmechanik der Stoßvorgänge 	Zeitschrift FüR Physik. 38: 803-827. DOI: 10.1007/BF01397184	0.266
185	1926	Born M. 	Probleme der Atomdynamik 	The Mathematical Gazette. 13: 256. DOI: 10.1007/978-3-642-99600-9	0.266
186	1925	Piaggio HTH, Born M, Brose HL, Jeffery GB, Henderson A, Hobbs AW, join( JWL. 	Einstein's Theory of Relativity 	The Mathematical Gazette. 12: 395. DOI: 10.2307/3604225	0.266
187	1925	Born M, Franck J. 	Quantentheorie und Molekelbildung 	Zeitschrift FüR Physik. 31: 411-429. DOI: 10.1007/BF02980594	0.266
188	1925	Born M, Jordan P, Nordheim L. 	Zur Theorie der Stoßanregung von Atomen und Molekülen 	Naturwissenschaften. 13: 969-970. DOI: 10.1007/Bf01559163	0.266
189	1925	Born M, Bollnow OF. 	Zur Gittertheorie des Rutils 	Die Naturwissenschaften. 13: 559. DOI: 10.1007/BF01558712	0.266
190	1924	Born M. 	Die chemische Bindung als dynamisches Problem 	Die Naturwissenschaften. 12: 1199-1207. DOI: 10.1007/BF01506888	0.266
191	1923	Born M. 	Quantentheorie und Störungsrechnung 	Die Naturwissenschaften. 11: 537-542. DOI: 10.1007/BF01554348	0.266
192	1922	Born M. 	Hilbert und die Physik 	Die Naturwissenschaften. 10: 88-93. DOI: 10.1007/BF01591619	0.266
193	1921	Born M. 	Zur Thermodynamik der Kristallgitter 	Zeitschrift FüR Physik. 7: 217-248. DOI: 10.1007/BF01332792	0.266
194	1921	Born M. 	Über elektrostatische. Gitterpotentiale 	Zeitschrift FüR Physik. 7: 124-140. DOI: 10.1007/BF01332783	0.266
298	1933	Born M, Blackman M. 	Über die Feinstruktur der Reststrahlen 	Zeitschrift FüR Physik. 82: 551-558. DOI: 10.1007/BF01338328	0.12
299	1933	Born M, Infeld L. 	Foundations of the new field theory [8] 	Nature. 132: 1004.	0.12
300	1933	Born M, Infeld L. 	Electromagnetic mass [10] 	Nature. 132: 970.	0.12
301	1921	Born M, Gerlach W. 	Elektronenaffinität und Gittertheorie 	Zeitschrift FüR Physik. 5: 433-441. DOI: 10.1007/BF01327680	0.12
302	1921	Born M, Gerlach W. 	Über die Zerstreuung des Lichtes in Gasen 	Zeitschrift FüR Physik. 5: 374-375. DOI: 10.1007/BF01327671	0.12
416	1933	Born M. 	Modified field equations with a finite radius of the electron [14] 	Nature. 132: 282.	0.12
417	1931	Born M. 	Faraday-Jahrhundertfeier und British Association in London 	Die Naturwissenschaften. 19: 932-934. DOI: 10.1007/BF01520313	0.12
418	1930	Born M. 	The quantum theory of chemical valence [12] 	Nature. 126: 205.	0.12
419	1928	Born M. 	Zur Theorie des Ramaneffekts 	Die Naturwissenschaften. 16: 673. DOI: 10.1007/BF01506494	0.12
421	1924	Born M. 	Über Quantenmechanik 	Zeitschrift FüR Physik. 26: 379-395. DOI: 10.1007/BF01327341	0.12
422	1922	Born M. 	Über das Modell der Wasserstoffmolekel 	Die Naturwissenschaften. 10: 677-678. DOI: 10.1007/BF01576900	0.12
423	1922	Born M. 	Über die natürliche optische Aktivität der Kristalle 	Zeitschrift FüR Physik. 8: 390-417. DOI: 10.1007/BF01329609	0.12
424	1922	Born M, Brody E. 	Bemerkungen zu unseren Abhandlungen "Über die Schwingungen eines mechanischen Systems mit endlicher Amplitude und ihre Quantelung" und "Über die spezifische Wärme fester Körper bei hohen Temperaturen" 	Zeitschrift FüR Physik. 8: 205-207. DOI: 10.1007/BF01329595"	0.12
425	1921	Born M, Brody E. 	Über die Schwingungen eines mechanischen Systems mit endlicher Amplitude und ihre Quantelung 	Zeitschrift FüR Physik. 6: 140-152. DOI: 10.1007/BF01327973	0.12
426	1921	Born M, Brody E. 	Über die spezifische Wärme fester Körper bei hohen Temperaturen 	Zeitschrift FüR Physik. 6: 132-139. DOI: 10.1007/BF01327972	0.12
12	1931	Bragg WH. 	Faraday's first successful experiment on diamagnetism [3]	 Nature. 127: 337.	0.597
13	1931	Bragg WH. 	Faraday relics [14] 	Nature. 127: 486.	0.602
14	1930	Bragg WH. 	THE MEANING OF THE CRYSTAL. 	Science (New York, N.Y.). 71: 547-50. PMID 17796359 DOI: 10.1126/science.71.1848.547	0.67
16	1930	Bragg WH. 	New data on cellulose space lattice [4] 	Nature. 125: 634.	0.601
17	1926	Bragg WH, Porter AW. Frederick S. 	Spiers memorial [2] 	Journal of Scientific Instruments. 3: 386. DOI: 10.1088/0950-7671/3/11/111	0.593
18	1925	Astbury WT, Bragg WH. 	Crystallography 	Annual Reports On the Progress of Chemistry. 22: 240-258. DOI: 10.1039/AR9252200240	0.7
19	1924	Bragg WH. 	THE ANALYSIS OF CRYSTAL STRUCTURE BY X-RAYS. 	Science (New York, N.Y.). 60: 139-49. PMID 17750761 DOI: 10.1002/jctb.5000433902	0.754
20	1924	Bragg WH. 	X-ray examination of metal films [1] 	Nature. 113: 639.	0.677
21	1923	Bragg WH. 	Crystal structure of basic beryllium acetate [1] 	Nature. 111: 532.	0.687
22	1923	Bragg WH. 	X-rays and crystal symmetry [1] 	Nature. 112: 618.	0.748
23	1923	Bragg WH. 	The nature of the liquid state [2] 	Nature. 111: 428.	0.608
24	1922	Bragg WH. 	The significance of crystal structure 	Journal of the Chemical Society, Transactions. 121: 2766-2787. DOI: 10.1039/CT9222102766	0.686
25	1921	Bragg WH. 	The crystal structure of ice 	Proceedings of the Physical Society of London. 34: 98-103. DOI: 10.1088/1478-7814/34/1/322	0.663
26	1921	Bragg WH. 	The structure of organic crystals 	Proceedings of the Physical Society of London. 34: 33-50. DOI: 10.1088/1478-7814/34/1/306	0.675
60	1924	Piaggio HTH, Campbell NR, Lorentz HA, Rutherford E, de Broglie M, Millikan RA, Onnes HK, Weiss P, Brillouin L, Bragg WH, de Haas WJ, Bohr N, Ehrenfest P. 	Modern Electrical Theory. Supplementary Chapters. Chapter XVII.: The Structure of the Atom 	The Mathematical Gazette. 12: 117. DOI: 10.2307/3604665	0.072
61	1928	Bragg WH. 	II. A note on the cristalline structure of certain aromatic compounds 	Zeitschrift FüR Kristallographie - Crystalline Materials. 66. DOI: 10.1524/zkri.1928.66.1.22	0.069
34	1928	Brillouin L. 	Is It Possible to Test by a Direct Experiment the Hypothesis of the Spinning Electron? 	Proceedings of the National Academy of Sciences of the United States of America. 14: 755-63. PMID 16587402	0.028
3	1933	Alvarez L, Compton AH. 	A positively charged component of cosmic rays [2] 	Physical Review. 43: 835-836. DOI: 10.1103/Physrev.43.835	0.508
4	1933	Compton AH, Hopfield JJ. 	An improved cosmic-ray meter 	Review of Scientific Instruments. 4: 491-495. DOI: 10.1063/1.1749185	0.307
5	1932	Compton AH, Hopfield JJ. 	Use of argon in the ionization method of measuring cosmic rays [2] 	Physical Review. 41: 539. DOI: 10.1103/Physrev.41.539	0.305
6	1925	Compton AH, Bearden JA. 	The Effect of a Surrounding Box on the Spectrum of Scattered X-Rays. 	Proceedings of the National Academy of Sciences of the United States of America. 11: 117-9. PMID 16586985 DOI: 10.1073/Pnas.11.2.117	0.637
10	1924	Compton AH, Woo YH. 	The Wave-Length of Molybdenum K(alpha) Rays when Scattered by Light Elements. 	Proceedings of the National Academy of Sciences of the United States of America. 10: 271-3. PMID 16586942 DOI: 10.1073/Pnas.10.6.271	0.277
45	1933	Compton AH. 	THE SIGNIFICANCE OF RECENT MEASUREMENTS OF COSMIC RAYS. 	Science (New York, N.Y.). 77: 480-2. PMID 17754227 DOI: 10.1126/Science.77.2003.480	0.265
46	1933	Compton AH. 	A geographic study of cosmic rays 	Physical Review. 43: 387-403. DOI: 10.1103/Physrev.43.387	0.265
47	1933	Compton AH. 	The Secret Message of the Cosmic Ray 	Scientific American. 149: 5-7. DOI: 10.1038/Scientificamerican0733-5	0.265
48	1933	Compton AH. 	Nature of cosmic rays 	Nature. 131: 713-715. DOI: 10.1038/131713A0	0.265
49	1933	Compton AH. 	Progress of world-survey of cosmic rays Transactions, 	American Geophysical Union. 14: 154. DOI: 10.1029/Tr014I001P00154	0.265
50	1932	Compton AH. 	Progress of cosmic-ray survey [4] 	Physical Review. 41: 681-682. DOI: 10.1103/Physrev.41.681	0.265
51	1932	Bennett RD, Stearns JC, Compton AH. 	Diurnal variation of cosmic rays 	Physical Review. 41: 119-126. DOI: 10.1103/Physrev.41.119	0.265
52	1932	Compton AH. 	Variation of the cosmic rays with latitude [2] 	Physical Review. 41: 111-113. DOI: 10.1103/Physrev.41.111.2	0.265
53	1932	Compton AH, Bennett RD, Stearns JC. 	Ionization by penetrating radiation as a function of pressure and temperature 	Physical Review. 39: 873-882. DOI: 10.1103/Physrev.39.873	0.265
54	1932	Compton AH. 	What Science Really Is 	Scientific American. 146: 32-33. DOI: 10.1038/Scientificamerican0132-32	0.265
55	1931	Compton AH. 	THE UNCERTAINTY PRINCIPLE AND FREE WILL. 	Science (New York, N.Y.). 74: 172. PMID 17808216 DOI: 10.1126/Science.74.1911.172	0.265
56	1931	Compton AH. 	The Optics of X-Rays* 	Journal of the Optical Society of America. 21: 75-89. DOI: 10.1364/Josa.21.000075	0.265
57	1931	Bennett RD, Stearns JC, Compton AH. 	The constancy of cosmic rays [2] 	Physical Review. 38: 1566. DOI: 10.1103/Physrev.38.1566	0.265
58	1931	Compton AH, Bennett RD, Stearns JC. 	Ionization as a function of pressure and temperature [1] 	Physical Review. 38: 1565-1566. DOI: 10.1103/Physrev.38.1565	0.265
59	1931	Compton AH. 	A precision x-ray spectrometer and the wave length of mo kα1 	Review of Scientific Instruments. 2: 365-376. DOI: 10.1063/1.1748803	0.265
60	1931	Compton AH. 	The human values of physics 	Journal of Applied Physics. 1: 13-17. DOI: 10.1063/1.1744980	0.265
61	1931	Compton AH. 	Radiations from Radioactive Substances 	Nature. 128: 3-4. DOI: 10.1038/128003A0	0.265
62	1930	Compton AH. 	ARE PLANETS RARE? 	Science (New York, N.Y.). 72: 219. PMID 17775516 DOI: 10.1126/Science.72.1861.219	0.265
64	1930	Compton AH. 	The determination of electron distributions from measurements of scattered x-rays 	Physical Review. 35: 925-938. DOI: 10.1103/Physrev.35.925	0.265
65	1930	Compton AH. 	What is light 	Journal of Chemical Education. 7: 2769. DOI: 10.1021/Ed007P2769	0.265
66	1929	Compton AH. CI. 	The efficiency of production of fluorescent X-rays 	Philosophical Magazine Series 1. 8: 961-977. DOI: 10.1080/14786441208564958	0.265
67	1929	Compton AH. 	What Things Are Made Of-I 	Scientific American. 140: 110-113. DOI: 10.1038/Scientificamerican0229-110	0.265
68	1929	Compton AH. 	A new wave-length standard for X-rays 	Journal of the Franklin Institute. 208: 605-616. DOI: 10.1016/S0016-0032(29)90335-5	0.265
69	1929	Compton AH. 	The corpuscular properties of light 	Reviews of Modern Physics. 1: 74-89. DOI: 10.1007/Bf01505685	0.265
70	1928	Compton AH. 	The Spectrum and State of Polarization of Fluorescent X-Rays. 	Proceedings of the National Academy of Sciences of the United States of America. 14: 549-53. PMID 16587361 DOI: 10.1073/Pnas.14.7.549	0.265
71	1928	Compton AH. 	X-Rays as a Branch of Optics 	Journal of the Optical Society of America. 16: 71. DOI: 10.1364/Josa.16.000071	0.265
72	1928	Compton AH. 	On the interaction between radiation and electrons 	Physical Review. 31: 59-65. DOI: 10.1103/Physrev.31.59	0.265
73	1928	Compton AH. 	Some experimental difficulties with the electromagnetic theory of radiation 	Journal of the Franklin Institute. 205: 155-175. DOI: 10.1016/S0016-0032(28)92041-4	0.265
74	1927	Jauncey GEM, Compton AH. 	Coherence of the Reflected X-Rays from Crystals 	Nature. 120: 549-549. DOI: 10.1038/120549A0	0.265
75	1925	Compton AH, Doan RL.	 X-Ray Spectra from a Ruled Reflection Grating. 	Proceedings of the National Academy of Sciences of the United States of America. 11: 598-601. PMID 16587045 DOI: 10.1073/Pnas.11.10.598	0.265
76	1925	Compton AH. 	On the Mechanism of X-Ray Scattering. 	Proceedings of the National Academy of Sciences of the United States of America. 11: 303-6. PMID 16587006 DOI: 10.1073/Pnas.11.6.303	0.265
77	1925	Compton AH, Simon AW. 	Directed ouanta of scattered X-rays 	Physical Review. 26: 289-299. DOI: 10.1103/Physrev.26.289	0.265
78	1925	Compton AH, Beets HN, Defoe OK. 	The grating space of calcite and rock salt 	Physical Review. 25: 625-629. DOI: 10.1103/Physrev.25.625	0.265
79	1925	DeFoe OK, Compton AH. 	The density of rock salt and calcite 	Physical Review. 25: 618-620. DOI: 10.1103/Physrev.25.618	0.265
80	1925	Compton AH, Simon AW. 	Measurements of β-rays associated with scattered X-rays 	Physical Review. 25: 306-313. DOI: 10.1103/Physrev.25.306	0.265
81	1925	Compton AH. 	Light Waves or Light Bullets 	Scientific American. 133: 246-247. DOI: 10.1038/Scientificamerican1025-246	0.265
82	1924	Compton AH, Hagenow CF. 	A Measurement of the Polarization of Secondary X-Rays* 	Journal of the Optical Society of America. 8: 487-491. DOI: 10.1364/Josa.8.000487	0.265
83	1924	Compton AH. 	The scattering of X-rays 	Journal of the Franklin Institute. 198: 57-72. DOI: 10.1148/3.6.479	0.265
84	1924	Compton AH. 	A general quantum theory of the wave-length of scattered X-rays 	Physical Review. 24: 168-176. DOI: 10.1103/Physrev.24.168	0.265
85	1924	Compton AH, Hubbard JC. 	The recoil of electrons from scattered x-rays 	Physical Review. 23: 439-449. DOI: 10.1103/Physrev.23.439	0.265
86	1924	Compton AH. 	Scattering of X-ray Quanta and the J Phenomena 	Nature. 113: 160-161. DOI: 10.1038/113160A0	0.265
87	1923	Compton AH. 	The spectrum of scattered x-rays 	Physical Review. 22: 409-413. DOI: 10.1103/Physrev.22.409	0.265
88	1923	Compton AH. 	A Quantum Theory of the Scattering of X-rays by Light Elements 	Physical Review. 21: 483-502. DOI: 10.1103/Physrev.21.483	0.265
89	1923	Compton AH. 	CXVII. The total reflexion of X-rays	 Philosophical Magazine Series 1. 45: 1121-1131. DOI: 10.1080/14786442308634208	0.265
90	1923	Compton AH. 	XCV. Absorption measurements of the change of wave-length accompanying the scattering of X-rays 	Philosophical Magazine Series 1. 46: 897-911. DOI: 10.1080/14786442308565246	0.265
91	1923	Compton AH. 	Recoil of Electrons from Scattered X-Rays 	Nature. 112: 435-435. DOI: 10.1038/112435A0	0.265
92	1922	Compton AH. 	RADIATION A FORM OF MATTER. 	Science (New York, N.Y.). 56: 716-7. PMID 17831217 DOI: 10.1126/Science.56.1460.716	0.265
93	1922	Compton AH. 	The width of x-ray spectrum lines 	Physical Review. 19: 68-72. DOI: 10.1103/Physrev.19.68	0.265
94	1922	Compton AH. 	The spectrum of secondary X-rays 	Physical Review. 19: 267-268. DOI: 10.1103/Physrev.19.267	0.265
95	1922	Compton AH, Freeman NL. 	The Intensity of X-ray Reflection from Powdered Crystals 	Nature. 110: 38-38. DOI: 10.1038/110038A0	0.265
96	1921	Compton AH. 	The absorption of gamma rays by magnetized iron 	Physical Review. 17: 38-41. DOI: 10.1103/Physrev.17.38	0.265
97	1921	Compton AH. 	LXIX. The wave-length of hard gamma rays P	hilosophical Magazine Series 1. 41: 770-777. DOI: 10.1080/14786442108636267	0.265
98	1921	Compton AH. 	LXVIII. The degradation of gamma-ray energy 	Philosophical Magazine Series 1. 41: 749-769. DOI: 10.1080/14786442108636266	0.265
99	1921	Compton AH. 	XXIII. Possible magnetic polarity of free electrons 	Philosophical Magazine Series 1. 41: 279-281. DOI: 10.1080/14786442108636218	0.265
100	1921	Compton AH. 	The Softening of Secondary X-Rays 	Nature. 108: 366-367. DOI: 10.1038/108366B0	0.265
101	1921	Compton AH. 	The Elementary Particle of Positive Electricity 	Nature. 106: 828-828. DOI: 10.1038/106828A0	0.265
102	1921	Compton AH. 	The magnetic electron J	ournal of the Franklin Institute. 192: 145-155. DOI: 10.1016/S0016-0032(21)90917-7	0.265
123	1933	Pegram GB, Compton AH, Davis B, Sinclair D, Brown WF. 	THE SCIENTIFIC WORK OF THE GOVERNMENT. 	Science (New York, N.Y.). 78: 122-3. PMID 17749820 DOI: 10.1126/Science.78.2015.122	0.241
134	1930	Compton AH. 	What is light? 	Journal of Chemical Education. 7: 2769-2787.	0.12
135	1927	Jauncey GEM, Compton AH. 	Coherence of the reflected x-rays from crystals [7] 	Nature. 120: 549.	0.12
136	1924	Compton AH. 	Scattering of X-ray quanta and the J phenomena [2]	 Nature. 113: 160-161.	0.12
137	1923	Compton AH. 	The Quantum Integral and Diffraction by a Crystal. 	Proceedings of the National Academy of Sciences of the United States of America. 9: 359-62. PMID 16576738	0.12
138	1923	Compton AH. 	Recoil of electrons from scattered X-rays [1] 	Nature. 112: 435.	0.12
139	1922	Compton AH. 	Radiation a form of matter [1] 	Science. 56: 716-717.	0.12
140	1922	Compton AH, Freeman NL. 	The intensity of X-ray reflection from powdered crystals [3] 	Nature. 110: 38.	0.12
141	1921	Compton AH. 	The elementary particle of positive electricity [3] 	Nature. 106: 828.	0.12
142	1921	Compton AH. 	The softening of secondary X-rays [2] 	Nature. 108: 366-367.	0.12
5	1926	DE BROGLIE L. 	Interference and Corpuscular Light 	Nature. 118: 441-442. DOI: 10.1038/118441b0	0.12
6	1924	DE BROGLIE L. 	De Broglie's Theory ofi the Quantum and the Doppler Principle	 Nature. 114: 51-52. DOI: 10.1038/114051c0	0.12
7	1923	DE BROGLIE L. 	Waves and Quanta 	Nature. 112: 540-540. DOI: 10.1038/112540a0	0.12
25	1926	De Broglie L. 	Interference and corpuscular light [2] 	Nature. 118: 441-442.	0.01
2	1925	Debye P, Pauling L. 	THE INTER-IONIC ATTRACTION THEORY OF IONIZED SOLUTES. IV. THE INFLUENCE OF VARIATION OF DIELECTRIC CONSTANT ON THE LIMITING LAW FOR SMALL CONCENTRATIONS 	Journal of the American Chemical Society. 47: 2129-2134. DOI: 10.1021/JA01685A008	0.374
47	1933	Debye P. 	A Method for the Determination of the Mass of Electrolytic Ions 	The Journal of Chemical Physics. 1: 13-16. DOI: 10.1063/1.1749213	0.263
48	1932	Debye P, Sears FW. 	On the Scattering of Light by Supersonic Waves. 	Proceedings of the National Academy of Sciences of the United States of America. 18: 409-14. PMID 16587705 DOI: 10.1073/Pnas.18.6.409	0.263
49	1927	Debye P. 	Das elektrische Ionenfeld und das Aussalzen 	Zeitschrift FüR Physikalische Chemie. DOI: 10.1515/Zpch-1927-13008	0.263
50	1927	Debye P, Manneback C. 	The Symmetrical Top in Wave Mechanics 	Nature. 119: 83-83. DOI: 10.1038/119083A0	0.263
51	1926	Debye P. 	Bemerkung zu einigen neuen Versuchen über einen magneto-elektrischen Richteffekt 	European Physical Journal. 36: 300-301. DOI: 10.1007/Bf01557844	0.263
52	1926	Debye P. 	Einige Bemerkungen zur Magnetisierung bei tiefer Temperatur 	Annalen Der Physik. 386: 1154-1160. DOI: 10.1002/Andp.19263862517	0.263
53	1925	Debye P. 	Note on the Scattering of X-rays 	Journal of Mathematics and Physics. 4: 133-147. DOI: 10.1002/Sapm192541133	0.263
54	1922	Debye P. 	Laue-Interferenzen und Atombau 	Naturwissenschaften. 10: 384-391. DOI: 10.1007/Bf01565293	0.263
81	1930	Debye P. 	Interference measurements with single molecules 	Proceedings of the Physical Society. 42: 340-351. DOI: 10.1088/0959-5309/42/4/305	0.12
82	1927	Debye P. 	Introductory paper—Part I: Mobilities of ions.	 Report on conductivity of strong electrolytes in dilute solutions Trans. Faraday Soc.. 23: 334-340. DOI: 10.1039/TF9272300334	0.12
0	1931	Tolman RC, Ehrenfest P, Podolsky B. 	On the gravitational field produced by light 	Physical Review. 37: 602-615. DOI: 10.1103/PhysRev.37.602	0.512
1	1931	Ehrenfest P, Oppenheimer JR. 	Note on the statistics' of nuclei 	Physical Review. 37: 333-338. DOI: 10.1103/PhysRev.37.333	0.373
2	1927	Ehrenfest P, Epstein PS. 	Remarks on the Quantum Theory of Diffraction.	Proceedings of the National Academy of Sciences of the United States of America. 13: 400-8. PMID 16587187 DOI: 10.1073/Pnas.13.6.400	0.508
3	1927	Ehrenfest P, Uhlenbeck GE. 	Die wellenmechanische Interpretation der Boltzmannschen Statistik neben der der neueren Statistiken 	Zeitschrift FüR Physik. 41: 24-26. DOI: 10.1007/BF01454759	0.551
4	1927	Ehrenfest P, Uhlenbeck GE. 	Zum Einsteinschen ""Mischungsparadoxon"" 	Zeitschrift FüR Physik. 41: 576-582. DOI: 10.1007/BF01390489"	0.548
5	1926	Ehrenfest P, Uhlenbeck GE. 	Graphische Veranschaulichung der De Broglieschen Phasenwellen in der fünfdimensionalen Welt von O. Klein 	Zeitschrift FüR Physik. 39: 495-498. DOI: 10.1007/BF01322089	0.511
6	1924	Epstein PS, Ehrenfest P. 	The Quantum Theory of the Fraunhofer Diffraction. 	Proceedings of the National Academy of Sciences of the United States of America. 10: 133-9. PMID 16576801 DOI: 10.1073/Pnas.10.4.133	0.494
7	1923	Einstein A, Ehrenfest P. 	Zur Quantentheorie des Strahlungsgleichgewichts 	Zeitschrift FüR Physik. 19: 301-306. DOI: 10.1007/BF01327565	0.357
8	1922	Einstein A, Ehrenfest P. 	Quantentheoretische Bemerkungen zum Experiment von Stern und Gerlach 	Zeitschrift FüR Physik. 11: 31-34. DOI: 10.1007/BF01328398	0.374
10	1923	Ehrenfest P. 	Adiabatische Transformationen in der Quantentheorie und ihre Behandlung durch Niels Bohr 	Die Naturwissenschaften. 11: 543-550. DOI: 10.1007/BF01554349	0.283
11	1927	Ehrenfest P. 	Besteht ein Zusammenhang zwischen der Undurchdringlichkeit materieller Teilchen und dem ""Pauli-Verbot""? (Ein Widerruf.) 	Die Naturwissenschaften. 15: 268. DOI: 10.1007/BF01506067"	0.281
12	1927	Ehrenfest P. 	Besteht ein allgemeiner Zusammenhang zwischen der wechselseitigen Undurchdringlichkeit materieller Teilchen und dem ""Pauli-Verbot""? 	Die Naturwissenschaften. 15: 161-162. DOI: 10.1007/BF01505103"	0.279
13	1927	Ehrenfest P. 	Bemerkung über die angenäherte Gültigkeit der klassischen Mechanik innerhalb der Quantenmechanik 	Zeitschrift FüR Physik. 45: 455-457. DOI: 10.1007/BF01329203	0.269
14	1924	Coster D, Ehrenfest P, Baldus K. 	Zuschriften und vorläufige Mitteilungen 	Die Naturwissenschaften. 12: 724-726. DOI: 10.1007/BF01504821	0.265
16	1926	Ehrenfest P. 	Bemerkungen betreffs zweier Publikationen über Energieschwankungen 	Zeitschrift FüR Physik. 35: 316. DOI: 10.1007/BF01380303	0.249
17	1929	Ehrenfest P. 	Bemerkungen über den Diamagnetismus von festem Wismut 	Zeitschrift FüR Physik. 58: 719-721. DOI: 10.1007/BF01339732	0.248
18	1921	Ehrenfest P. 	Bemerkung über den Paramagnetismus von festen Körpern 	Zeitschrift FüR Physik. 5: 35-38. DOI: 10.1007/BF01349683	0.248
19	1932	Ehrenfest P. 	Einige die Quantenmechanik betreffende Erkundigungsfragen 	Zeitschrift FüR Physik. 78: 555-559. DOI: 10.1007/BF01331295	0.201
20	1922	Ehrenfest P, 	Breit G. Ein bemerkenswerter Fall von Quantisierung 	Zeitschrift FüR Physik. 9: 207-210. DOI: 10.1007/BF01326971	0.161
21	1923	Ehrenfest P. 	Ein alter Trugschluß betreffs des Wärmegleichgewichtes eines Gases im Schwerefeld 	Zeitschrift FüR Physik. 17: 421-422. DOI: 10.1007/BF01328698	0.153
22	1928	Ehrenfest P, 	Rutgers AJ. Bemerkung zur wellenmechanischen Deutung des limitären Ramsauer-Effektes 	Die Naturwissenschaften. 16: 184. DOI: 10.1007/BF01506449	0.13
23	1925	Ehrenfest P. 	Energieschwankungen im Strahlungsfeld oder Kristallgitter bei Superposition quantisierter Eigenschwingungen 	Zeitschrift FüR Physik. 34: 362-373. DOI: 10.1007/BF01328482	0.129
26	1924	Piaggio HTH, Campbell NR, Lorentz HA, Rutherford E, de Broglie M, Millikan RA, Onnes HK, Weiss P, Brillouin L, Bragg WH, de Haas WJ, Bohr N, Ehrenfest P. 	Modern Electrical Theory. Supplementary Chapters. Chapter XVII.: The Structure of the Atom 	The Mathematical Gazette. 12: 117. DOI: 10.2307/3604665	0.101
30	1930	Tolman RC, Ehrenfest P. 	Temperature equilibrium in a static gravitational field 	Physical Review. 36: 1791-1798. DOI: 10.1103/PhysRev.36.1791	0.081
31	1924	Bateman H, Ehrenfest P. 	The Derivation of Electromagnetic Fields from a Basic Wave-Function. 	Proceedings of the National Academy of Sciences of the United States of America. 10: 369-74. PMID 16576838	0.075
32	1924	Ehrenfest P, Tolman RC. 	Weak quantization 	Physical Review. 24: 287-295. DOI: 10.1103/PhysRev.24.287	0.074
33	1923	Ehrenfest P. 	Kann die Bewegung eines Systems von s Freiheitsgraden mehr als (2 s-1)-fach-periodisch sein? 	Zeitschrift FüR Physik. 19: 242-245. DOI: 10.1007/BF01327562	0.067
35	1928	Haigh BP, Gough HJ, Adam NK, Bragg W, Poole HJ, Masson I, Egerton A, Lennard-Jones, Polanyi A, Ehrenfest P, Müller A, Smithells CJ, Porter AW, Mond R, Finlayson D, et al. 	Cohesion and related problems. 	General discussion Transactions of the Faraday Society. 24: 165-179. DOI: 10.1039/TF9282400165	0.06
36	1927	Ehrenfest P. 	Relation between the reciprocal impenetrability of matter and Pauli's exclusion principle [4] 	Nature. 119: 196.	0.059
39	1922	Ehrenfest P. 	The difference between series spectra of isotopes [4] 	Nature. 109: 745-746.	0.01
11	1932	Einstein A, de Sitter W. 	On the Relation between the Expansion and the Mean Density of the Universe. 	Proceedings of the National Academy of Sciences of the United States of America. 18: 213-4. PMID 16587663 DOI: 10.1073/Pnas.18.3.213	0.735
12	1931	Einstein A, Tolman RC, Podolsky B. 	Knowledge of past and future in quantum mechanics 	Physical Review. 37: 780-781. DOI: 10.1103/PhysRev.37.780	0.66
13	1927	Curie M, Lorentz HA, Einstein A, Serex P. 	The Establishment Of An International Bureau Of Meteorology 	Science. 65: 415-417. DOI: 10.1126/Science.65.1687.415-A	0.693
14	1923	Einstein A, Ehrenfest P. 	Zur Quantentheorie des Strahlungsgleichgewichts 	Zeitschrift FüR Physik. 19: 301-306. DOI: 10.1007/BF01327565	0.655
15	1922	Einstein A, Ehrenfest P. 	Quantentheoretische Bemerkungen zum Experiment von Stern und Gerlach 	Zeitschrift FüR Physik. 11: 31-34. DOI: 10.1007/BF01328398	0.654
109	1928	Woolard EW, Einstein A, Furth R, Cowper AD. 	Investigations on the Theory of the Brownian Movement. 	American Mathematical Monthly. 35: 318. DOI: 10.2307/2298685	0.266
110	1927	Einstein A. 	Newtons Mechanik und ihr Einfluß auf die Gestaltung der theoretischen Physik 	Die Naturwissenschaften. 15: 273-276. DOI: 10.1007/BF01506256	0.266
111	1926	Einstein A. 	Die Ursache der Mäanderbildung der Flußläufe und des sogenannten Baerschen Gesetzes 	Die Naturwissenschaften. 14: 223-224. DOI: 10.1007/BF01510300	0.266
112	1925	Murnaghan FD, Einstein A, Jeffery GB, Perrett W, Whitehead AN. 	Sidelights on Relativity.The Principle of Relativity with Applications to Physical Science.	American Mathematical Monthly. 32: 311. DOI: 10.2307/2299149	0.266
113	1924	Einstein A. 	Zum hundertjährigen Gedenktag von Lord Kelvins Geburt. 26. Juni 1824 	Die Naturwissenschaften. 12: 601-602. DOI: 10.1007/BF01506009	0.266
114	1924	Einstein A. 	Antwort auf eine Bemerkung vonW. 	Anderson Astronomische Nachrichten. 221: 329-330. DOI: 10.1002/asna.19242212004	0.266
115	1923	Einstein A, Mühsam H. 	Experimentelle Bestimmung der Kanalweite von Filtern 	Deutsche Medizinische Wochenschrift. 49: 1012-1013. DOI: 10.1055/S-0028-1132315	0.266
116	1923	Einstein A. 	The theory of the affine field 	Nature. 112: 448-449. DOI: 10.1038/112448A0	0.266
117	1923	Einstein A. 	Notiz zu der Arbeit von A. Friedmann "Über die Krümmung des Raumes" 	Zeitschrift FüR Physik. 16: 228. DOI: 10.1007/BF01327395"	0.266
118	1923	Einstein A. 	Bemerkung zu der Notiz vonW. 	Anderson Astronomische Nachrichten. 219: 19-20. DOI: 10.1002/asna.19232190103	0.266
119	1922	Einstein A. 	Emil Warburg als Forscher 	Die Naturwissenschaften. 10: 823-826. DOI: 10.1007/BF01580621	0.266
120	1922	Einstein A. 	Bemerkung zu der Arbeit von A. Friedmann "Über die Krümmung des Raumes" 	Zeitschrift FüR Physik. 11: 326. DOI: 10.1007/BF01328424"	0.266
121	1922	Einstein A. 	Bemerkung zu der Franz Seletyschen Arbeit ”Beiträge zum kosmologischen System" 	Annalen Der Physik. 374: 436-438. DOI: 10.1002/andp.19223742203	0.266
122	1921	Einstein A. 	L'Ether et la Théorie de la Relativité 	Journal of the RöNtgen Society. 17: 133-134. DOI: 10.1259/jrs.1921.0060	0.266
123	1921	Einstein A. 	La théorie de la relativité restreinte et générale 	Journal of the RöNtgen Society. 17: 133-133. DOI: 10.1259/Jrs.1921.0059	0.266
124	1921	Einstein A. 	A brief outline of the development of the theory of relativity 	Nature. 106: 782-784. DOI: 10.1038/106782A0	0.266
1	1931	Chandrasekhar S, Fowler RH, Milne EA. 	The Dissociation Formula according to the Relativistic Statistics 	Monthly Notices of the Royal Astronomical Society. 91: 446-455. DOI: 10.1093/Mnras/91.5.446	0.357
2	1925	Fowler RH, Milne EA. 	A Note on the Principle of Detailed Balancing. 	Proceedings of the National Academy of Sciences of the United States of America. 11: 400-2. PMID 16587026	0.361
3	1923	Fowler RH, Milne EA. 	The Intensities of Absorption Lines in Stellar Spectra, and the Temperatures and Pressures in the Reversing Layers of Stars.: (Plates 15, 16.) 	Monthly Notices of the Royal Astronomical Society. 83: 403-424. DOI: 10.1093/MNRAS/83.7.403	0.41
9	1932	Kothari DS, Fowler RH. 	Applications of Degenerate Statistics to Stellar Matter 	Monthly Notices of the Royal Astronomical Society. 93: 61-89. DOI: 10.1093/MNRAS/93.1.61	0.12
10	1931	Wilson AH, Fowler RH. 	The Transmutation of Elements in Stars 	Monthly Notices of the Royal Astronomical Society. 91: 283-294. DOI: 10.1093/MNRAS/91.3.283	0.12
11	1926	Fowler R. 	LXXV.The statistical mechanics of assemblies of ionized atoms and electrons 	The London, Edinburgh, and Dublin Philosophical Magazine and Journal of Science. 1: 845-875. DOI: 10.1080/14786442608633686	0.12
12	1925	Fowler. RH. 	Notes on the Theory of Absorption Lines in Stellar Spectra 	Monthly Notices of the Royal Astronomical Society. 85: 970-977. DOI: 10.1093/MNRAS/85.9.970	0.12
13	1925	Fowler RH, Guggenheim EA. 	Applications of Statistical Mechanics to Determine the Properties of Matter in Stellar Interiors. Part II. 	The Adiabatics Monthly Notices of the Royal Astronomical Society. 85: 961-970. DOI: 10.1093/MNRAS/85.9.961	0.12
14	1925	Fowler R. 	CXXVIII. Applications of the correspondence principle to the theory of line-intensities in band-spectra 	The London, Edinburgh, and Dublin Philosophical Magazine and Journal of Science. 49: 1272-1288. DOI: 10.1080/14786442508634707	0.12
15	1925	Fowler R. 	CXVI. A note on the summation rules for the intensities of spectral lines 	The London, Edinburgh, and Dublin Philosophical Magazine and Journal of Science. 50: 1079-1083. DOI: 10.1080/14786442508628552	0.12
16	1924	Fowler R. 	XXIII. Statistical equilibrium with special reference to the mechanism of ionization by electronic impacts 	The London, Edinburgh, and Dublin Philosophical Magazine and Journal of Science. 47: 257-277. DOI: 10.1080/14786442408634366	0.12
17	1923	Fowler R. 	LIII. Thermodynamics and statistical mechanics 	The London, Edinburgh, and Dublin Philosophical Magazine and Journal of Science. 45: 497-516. DOI: 10.1080/14786442308634142	0.12
18	1922	Darwin C, Fowler R. XLIV. 	On the partition of energy The London, Edinburgh, and Dublin Philosophical Magazine and Journal of Science. 44: 450-479. DOI: 10.1080/14786440908565189	0.12
20	1923	Fowler RH. 	The origin of optical spectra 	Nature. 112: 655-656.	0.106
21	1932	Fowler RH, Sterne TE. 	Statistical mechanics with particular reference to the vapor pressures and entropies of crystals 	Reviews of Modern Physics. 4: 635-722. DOI: 10.1103/RevModPhys.4.635	0.083
22	1931	Fowler RH. 	The analysis of photoelectric sensitivity curves for clean metals at various temperatures 	Physical Review. 38: 45-56. DOI: 10.1103/PhysRev.38.45	0.081
23	1927	Fowler RH. 	Strong electrolytes in relation to statistical theory, in particular the phase integral of Gibbs 	Transactions of the Faraday Society. 23: 434-443.	0.078
29	1933	Bernal JD, Fowler RH. 	A theory of water and ionic solution, with particular reference to hydrogen and hydroxyl ions 	The Journal of Chemical Physics. 1: 515-548. DOI: 10.1063/1.1749327	0.059
32	1931	Fowler RH, Powell FC. 	A note on Ferromagnetism Mathematical Proceedings of the Cambridge 	Philosophical Society. 27: 280-289. DOI: 10.1017/S0305004100010409	0.057
100	1923	Fowler RH. 	Bohr's atom in relation to the problem of covalency 	Transactions of the Faraday Society. 19: 459-468.	0.01
3	1930	Heisenberg W, Pauli W. 	Zur Quantentheorie der Wellenfelder. II 	Zeitschrift FüR Physik. 59: 168-190. DOI: 10.1007/Bf01341423	0.694
4	1929	Heisenberg W, Pauli W. 	Zur Quantendynamik der Wellenfelder 	Zeitschrift FüR Physik. 56: 1-61. DOI: 10.1007/Bf01340129	0.677
5	1926	Heisenberg W, Jordan P. 	Anwendung der Quantenmechanik auf das Problem der anomalen Zeemaneffekte 	Zeitschrift FüR Physik. 37: 263-277. DOI: 10.1007/Bf01397100	0.616
6	1926	Born M, Heisenberg W, Jordan P. 	Zur Quantenmechanik. II. 	Zeitschrift FüR Physik. 35: 557-615. DOI: 10.1007/Bf01379806	0.682
7	1925	Kramers HA, Heisenberg W. 	Über die Streuung von Strahlung durch Atome 	Zeitschrift FüR Physik. 31: 681-708. DOI: 10.1007/BF02980624	0.63
8	1924	Born M, Heisenberg W. 	Über den Einfluß der Deformierbarkeit der Ionen auf optische und chemische Konstanten. I 	Zeitschrift FüR Physik. 23: 388-410. DOI: 10.1007/BF01327603	0.585
9	1924	Born M, Heisenberg W. 	Zur Quantentheorie der Molekeln 	Annalen Der Physik. 389: 457-484. DOI: 10.1002/Andp.19273892002	0.604
10	1923	Born M, Heisenberg W. 	Über Phasenbeziehungen bei den Bohrschen Modellen von Atomen und Molekeln 	Zeitschrift FüR Physik. 14: 44-55. DOI: 10.1007/BF01340032	0.615
11	1923	Born M, Heisenberg W. 	Die Elektronenbahnen im angeregten Heliumatom 	Zeitschrift FüR Physik. 16: 229-243. DOI: 10.1007/BF01327396	0.605
78	1933	Heisenberg W. 	Über den Bau der Atomkerne. III 	Zeitschrift FüR Physik. 80: 587-596. DOI: 10.1007/BF01335696	0.265
79	1931	Heisenberg W. 	Kausalgesetz und Quantenmechanik 	Erkenntnis. 2: 172-182. DOI: 10.1007/BF02028149	0.265
80	1931	Heisenberg W. 	Die Rolle der Unbestimmtheitsrelationen in der modernen Physik 	Monatshefte FüR Mathematik Und Physik. 38: 365-372. DOI: 10.1007/BF01700709	0.265
81	1928	Heisenberg W. 	Zur Theorie des Ferromagnetismus 	Zeitschrift FüR Physik. 49: 619-636. DOI: 10.1007/BF01328601	0.265
82	1927	Heisenberg W. 	Schwankungserscheinungen und Quantenmechanik 	Zeitschrift FüR Physik. 40: 501-506. DOI: 10.1007/BF01440827	0.265
83	1927	Heisenberg W. 	Über den anschaulichen Inhalt der quantentheoretischen Kinematik und Mechanik 	Zeitschrift FüR Physik. 43: 172-198. DOI: 10.1007/BF01397280	0.265
84	1927	Heisenberg W. 	Mehrkörperprobleme und Resonanz in der Quantenmechanik. II 	Zeitschrift FüR Physik. 41: 239-267. DOI: 10.1007/BF01391241	0.265
85	1925	Heisenberg W. 	Zur Quantentheorie der Multiplettstruktur und der anomalen Zeemaneffekte 	Zeitschrift FüR Physik. 32: 841-860. DOI: 10.1007/BF01331720	0.265
86	1925	Heisenberg W. 	Über quantentheoretische Umdeutung kinematischer und mechanischer Beziehungen. 	Zeitschrift FüR Physik. 33: 879-893. DOI: 10.1007/BF01328377	0.265
87	1924	Landé A, Heisenberg W. 	Termstruktur der Multipletts höherer Stufe 	Zeitschrift FüR Physik. 25: 279-286. DOI: 10.1007/BF01327529	0.265
88	1924	Heisenberg W. 	Über Stabilität und Turbulenz von Flüssigkeitsströmen 	Annalen Der Physik. 379: 577-627. DOI: 10.1002/Andp.19243791502	0.265
89	1922	Sommerfeld A, Heisenberg W. 	Eine Bemerkung über relativistische Röntgendubletts und Linienschärfe 	Zeitschrift FüR Physik. 10: 393-398. DOI: 10.1007/BF01332582	0.265
90	1922	Heisenberg W. Zur 	Quantentheorie der Linienstruktur und der anomalen Zeemaneflekte 	Zeitschrift FüR Physik. 8: 273-297. DOI: 10.1007/BF01329602	0.265
91	1922	Sommerfeld A, Heisenberg W. 	Die Intensität der Mehrfachlinien und ihrer Zeemankomponenten 	Zeitschrift FüR Physik. 11: 131-154. DOI: 10.1007/BF01328408	0.265
124	1932	Heisenberg W. 	Über die durch Ultrastrahlung hervorgerufenen Zertrümmerungsprozesse 	Die Naturwissenschaften. 20: 365-366. DOI: 10.1007/BF01504936	0.12
125	1932	Heisenberg W. 	Theoretische Überlegungen zur Höhenstrahlung 	Annalen Der Physik. 405: 430-452. DOI: 10.1002/ANDP.19324050404	0.12
126	1931	Heisenberg W. 	Zur Theorie der Magnetostriktion und der Magnetisierungskurve 	Zeitschrift FüR Physik. 69: 287-297. DOI: 10.1007/BF01391350	0.12
127	1931	Heisenberg W. 	Notiz zur Arbeit des Herrn N. Tunazima: Zum Ferromagnetismus 	Zeitschrift FüR Physik. 68: 720. DOI: 10.1007/BF01390593	0.12
128	1931	Heisenberg W. 	Bemerkungen zur Strahlungstheorie 	Annalen Der Physik. 401: 338-346. DOI: 10.1002/ANDP.19314010305	0.12
129	1930	Heisenberg W. 	Die Selbstenergie des Elektrons 	Zeitschrift FüR Physik. 65: 4-13. DOI: 10.1007/BF01397404	0.12
130	1929	Heisenberg W. 	Die Entwicklung der Quantentheorie 1918-1928 	Die Naturwissenschaften. 17: 490-496. DOI: 10.1007/BF01505682	0.12
131	1926	Heisenberg W. 	Quantenmechanik 	Die Naturwissenschaften. 14: 989-994. DOI: 10.1007/BF01504651	0.12
132	1926	Heisenberg W. 	Mehrkörperproblem und Resonanz in der Quantenmechanik 	Zeitschrift FüR Physik. 38: 411-426. DOI: 10.1007/BF01397160	0.12
133	1926	Heisenberg W. 	Über die Spektra von Atomsystemen mit zwei Elektronen 	Zeitschrift FüR Physik. 39: 499-518. DOI: 10.1007/BF01322090	0.12
134	1926	Heisenberg W. 	Über quantentheoretische Kinematik und Mechanik 	Mathematische Annalen. 95: 683-705. DOI: 10.1007/BF01206633	0.12
135	1925	Heisenberg W. 	Über eine Anwendung des Korrespondenzprinzips auf die Frage nach der Polarisation des Fluoreszenzlichtes 	Zeitschrift FüR Physik. 31: 617-626. DOI: 10.1007/BF02980618	0.12
136	1924	Heisenberg W. 	Bemerkung zu einer Arbeit von F. v. Wiśniewski: ""Zur Theorie des Heliums"" 	Zeitschrift FüR Physik. 25: 175-176. DOI: 10.1007/BF01327520"	0.12
137	1924	Heisenberg W. 	Über eine Abänderung der formalen Regeln der Quantentheorie beim Problem der anomalen Zeemaneffekte 	Zeitschrift FüR Physik. 26: 291-307. DOI: 10.1007/BF01327336	0.12
138	1924	Heisenberg W. 	Über den Einfluß der Deformierbarkeit der Ionen auf optische und chemische Konstanten. II - Stabilität und Bildungswärme dreiatomiger Molekeln und Ionen 	Zeitschrift FüR Physik. 26: 196-204. DOI: 10.1007/BF01327329	0.12
2	1926	Kramers HA. 	Wellenmechanik und halbzahlige Quantisierung 	Zeitschrift FüR Physik. 39: 828-840. DOI: 10.1007/BF01451751	0.442
3	1925	Kramers HA, Heisenberg W. 	Über die Streuung von Strahlung durch Atome 	Zeitschrift FüR Physik. 31: 681-708. DOI: 10.1007/BF02980624	0.419
4	1925	Kramers HA, Holst H, Eucken A, Hüttig GF, v. Auwers K, Thiel A, Dassler A, Wülfken F, Wedekind E, Kuhn A, Becker K, Ebert F, Stavenhagen A, Alterthum H, Buchner M, et al. 	Bericht über die fortschritte der analytischen chemie 	Zeitschrift FüR Analytische Chemie. 67: 155-157. DOI: 10.1007/BF02427197	0.477
5	1924	Bohr N, Kramers HA, Slater JC. 	Über die Quantentheorie der Strahlung 	Zeitschrift FüR Physik. 24: 69-87. DOI: 10.1007/Bf01327235	0.345
6	1923	Kramers HA. 	Das Korrespondenzprinzip und der Schalenbau des Atoms 	Die Naturwissenschaften. 11: 550-559. DOI: 10.1007/BF01554350	0.321
7	1923	Kramers HA. 	Über die Quantelung rotierender Moleküle 	Zeitschrift FüR Physik. 13: 343-350. DOI: 10.1007/BF01328225	0.369
10	1924	Kramers HA. 	Die chemischen Eigenschaften der Atome nach der Bohrschen Theorie 	Die Naturwissenschaften. 12: 1050-1054. DOI: 10.1007/BF01452117	0.258
13	1933	Kramers HA, Jonker CC, Koopmans T. 	Wigners Erweiterung des Thomas-Kuhnschen Summensatzes für ein Elektron in einem Zentralfeld 	Zeitschrift FüR Physik. 80: 178-182. DOI: 10.1007/BF02055907	0.23
16	1933	Van Engers EM, Kramers HA. 	Zur Anwendung der Methode der Phasenintegrale auf das Wasserstoffmolekülion 	Zeitschrift FüR Physik. 82: 328-336. DOI: 10.1007/BF01341962	0.199
17	1927	Ornstein LS, Kramers HA. 	Zur kinetischen Herleitung des Fermischen Verteilungsgesetzes 	Zeitschrift FüR Physik. 42: 481-486. DOI: 10.1007/BF01397706	0.191
19	1923	Kramers HA. 	Über das Modell des Heliumatoms 	Zeitschrift FüR Physik. 13: 312-341. DOI: 10.1007/BF01328222	0.151
21	1930	Kramers HA, Ittmann GP. 	Zur Quantelung des asymmetrischen Kreisels. III 	Zeitschrift FüR Physik. 60: 663-681. DOI: 10.1007/BF01339762	0.125
23	1928	Kronig RdL, Kramers HA. 	Zur Theorie der Absorption und Dispersion in den Röntgenspektren 	Zeitschrift FüR Physik. 48: 174-179. DOI: 10.1007/BF01351301	0.117
24	1933	de Haas WJ, Wiersma EC, Kramers HA. 	Das Erreichen niedriger Temperaturen mittels adiabatischer Demagnetisierung 	Die Naturwissenschaften. 21: 467. DOI: 10.1007/BF01505452	0.112
26	1923	Kramers HA, Pauli W. 	Zur Theorie der Bandenspektren 	Zeitschrift FüR Physik. 13: 351-367. DOI: 10.1007/BF01328226	0.09
29	1929	Kramers HA. 	Zur Struktur der Multiplett-S-Zustände in zweiatomigen Molekülen. I 	Zeitschrift FüR Physik. 53: 422-428. DOI: 10.1007/BF01347762	0.073
30	1929	Kramers HA. 	Zur Aufspaltung von Multiplett-S-Termen in zweiatomigen Molekülen. II 	Zeitschrift FüR Physik. 53: 429-438. DOI: 10.1007/BF01347763	0.031
32	1924	Kramers HA. 	The quantum theory of dispersion [3] 	Nature. 114: 310-311.	0.027
40	1932	Olson AR, Kramers HA. 	The normal vibrations of acetylene 	Journal of the American Chemical Society. 54: 136-138.	0.01
41	1924	Kramers HA. 	The law of dispersion and Bohr's theory of spectra [1] 	Nature. 113: 673-674.	0.01
0	1926	Tonks L, Mott-Smith HM, Langmuir I. 	Flow of ions through a small orifice in a charged plate 	Physical Review. 28: 104-128. DOI: 10.1103/Physrev.28.104	0.634
2	1924	Langmuir I, Found CG, Dittmer AF. 	A NEW TYPE OF ELECTRIC DISCHARGE: THE STREAMER DISCHARGE. 	Science (New York, N.Y.). 60: 392-4. PMID 17750731 DOI: 10.1126/Science.60.1557.392	0.272
3	1931	Langmuir I, Compton KT. 	Electrical discharges in gases part II. Fundamental phenomena in electrical discharges 	Reviews of Modern Physics. 3: 191-257. DOI: 10.1103/Revmodphys.3.191	0.27
4	1930	Compton KT, Langmuir I. 	Electrical discharges in gases. Part I. Survey of fundamental processes 	Reviews of Modern Physics. 2: 123-242. DOI: 10.1103/Revmodphys.2.123	0.266
47	1933	Taylor JB, Langmuir I.	 The evaporation of atoms, ions and electrons from caesium films on tungsten 	Physical Review. 44: 423-458. DOI: 10.1103/Physrev.44.423	0.265
48	1933	Langmuir I. 	The nature of adsorbed films of caesium on tungsten. Part I. the space charge sheath and the image force 	Physical Review. 43: 224-251. DOI: 10.1103/Physrev.43.224	0.265
49	1933	Langmuir I. 	Oil lenses on water and the nature of monomolecular expanded films 	The Journal of Chemical Physics. 1: 756-776. DOI: 10.1063/1.1749243	0.265
50	1933	Langmuir I. 	An extension of the phase rule for adsorption under equilibrium and non-equilibrium conditions 	The Journal of Chemical Physics. 1: 3-12. DOI: 10.1063/1.1749216	0.265
51	1932	Blodgett KB, Langmuir I. 	Accommodation coefficient of hydrogen; a sensitive detector of surface films 	Physical Review. 40: 78-104. DOI: 10.1103/Physrev.40.78	0.265
52	1932	Langmuir I, Taylor JB. 	The mobility of caesium atoms adsorbed on tungsten [1] 	Physical Review. 40: 463-464. DOI: 10.1103/Physrev.40.463	0.265
53	1932	Found CG, Langmuir I. 	Study of a neon discharge by use of collectors 	Physical Review. 39: 237-253. DOI: 10.1103/Physrev.39.237	0.265
54	1932	Blodgett KB, Langmuir I. 	A Film Which Adsorbs Atomic H And Does Not Adsorb H2 	Journal of the American Chemical Society. 54: 3781-3782. DOI: 10.1021/Ja01348A509	0.265
55	1932	Langmuir I. 	Vapor pressures, evaporation, condensation and adsorption 	The Journal of the American Chemical Society. 54: 2798-2832. DOI: 10.1021/Ja01346A022	0.265
56	1932	Langmuir I. 	CESIUM FILMS ON TUNGSTEN 	Journal of the American Chemical Society. 54: 1252-1253. DOI: 10.1021/Ja01342A505	0.265
57	1932	Langmuir I. 	Electric discharges in gases at low pressures 	Journal of the Franklin Institute. 214: 275-298. DOI: 10.1016/S0016-0032(32)90932-6	0.265
58	1931	Langmuir I, Westendorp WF. 	A study of light signals in aviation and navigation Journal of Applied Physics. 1: 273-317. DOI: 10.2150/Jieij1917.27.4_179	0.265
59	1931	Langmuir I, Sixtus KJ. 	Regions of reversed magnetization in strained wires [2] 	Physical Review. 38: 2072. DOI: 10.1103/Physrev.38.2072	0.265
60	1931	Langmuir I. 	Diffusion of electrons back to an emitting electrode in a gas 	Physical Review. 38: 1656-1663. DOI: 10.1103/Physrev.38.1656	0.265
61	1931	Langmuir I. 	The alleged production of adsorbed films on tungsten by active nitrogen [6] 	Physical Review. 37: 1006. DOI: 10.1103/Physrev.37.1006	0.265
62	1931	Langmuir I, Villars DS. 	Oxygen films on tungsten. I. A study of stability by means of electron emission in presence of cesium vapor 	Journal of the American Chemical Society. 53: 486-497. DOI: 10.1021/Ja01353A012	0.265
63	1931	Langmuir I. 	Experiments with oil on water 	Journal of Chemical Education. 8: 859-866. DOI: 10.1021/Ed008P850	0.265
64	1930	Langmuir I, MacLane S, Blodgett KB. 	The effect of end losses on the characteristics of filaments of tungsten and other materials 	Physical Review. 35: 478-503. DOI: 10.1103/Physrev.35.478	0.265
65	1930	Langmuir I. 	Chandler Lecture - "Electrochemical Interactions of Tungsten, Thorium Caesium, and Oxygen" 	Industrial & Engineering Chemistry. 22: 390-393. DOI: 10.1021/Ie50244A026"	0.265
66	1930	Langmuir I. 	Address of Irving Langmuir 	Journal of Chemical Education. 7: 530. DOI: 10.1021/Ed007P530	0.265
67	1930	Langmuir I, Found CG. 	Metastable atoms and electrons produced by resonance radiation in neon 	Physical Review. 36: 225-227. DOI: 10.1016/B978-1-4831-9913-9.50017-0	0.265
68	1929	Langmuir I. 	MODERN CONCEPTS IN PHYSICS AND THEIR RELATION TO CHEMISTRY. 	Science (New York, N.Y.). 70: 385-96. PMID 17819920 DOI: 10.1126/Science.70.1817.385	0.265
69	1929	Tonks L, Langmuir I. 	A general theory of the plasma of an arc 	Physical Review. 34: 876-922. DOI: 10.1103/Physrev.34.876	0.265
70	1929	Langmuir I, Kingdon KH. 	Contact potential measurements with adsorbed films 	Physical Review. 34: 129-135. DOI: 10.1103/Physrev.34.129	0.265
71	1929	Tonks L, Langmuir I. 	Note on ""oscillations in ionized gases"" 	Physical Review. 33: 990. DOI: 10.1103/Physrev.33.990"	0.265
72	1929	Langmuir I. 	The interaction of electron and positive ion space charges in cathode sheaths 	Physical Review. 33: 954-989. DOI: 10.1103/Physrev.33.954	0.265
73	1929	LANGMUIR I. 	Kinetic Theory and Electric Conduction through Gases 	Nature. 123: 675-676. DOI: 10.1038/123675A0	0.265
74	1929	Langmuir I. 	President'S Address1 Modern Concepts In Physics And Their Relation To Chemistry 	Journal of the American Chemical Society. 51. DOI: 10.1021/Ja01385A001	0.265
76	1929	Langmuir I. 	Forces near the surfaces of molecules 	Chemical Reviews. 6: 451-479. DOI: 10.1021/Cr60024A002	0.265
77	1928	Langmuir I. 	ATOMIC HYDROGEN AS AN AID TO INDUSTRIAL RESEARCH. 	Science (New York, N.Y.). 67: 201-8. PMID 17742171 DOI: 10.1126/Science.67.1730.201	0.265
78	1928	Langmuir I. 	Oscillations in Ionized Gases. 	Proceedings of the National Academy of Sciences of the United States of America. 14: 627-37. PMID 16587379 DOI: 10.1103/Physrev.33.195	0.265
79	1928	Langmuir I, Jones HA. 	Collisions between electrons and gas molecules 	Physical Review. 31: 357-404. DOI: 10.1103/Physrev.31.357	0.265
80	1928	Langmuir I. 	Über elektrische Entladungen in Gasen bei niedrigen Drucken 	Zeitschrift FüR Physik. 46: 271-299. DOI: 10.1007/Bf01390681	0.265
81	1927	Tonks L, Langmuir I. 	On the surface heat of charging 	Physical Review. 29: 524-531. DOI: 10.1103/Physrev.29.524	0.265
82	1927	Langmuir I, Langmuir DB. 	The Effect of Monomolecular Films on the Evaporation of Ether Solutions. 	The Journal of Physical Chemistry. 31: 1719-1731. DOI: 10.1021/J150281A011	0.265
83	1927	Langmuir I. 	Flames of Atomic Hydrogen1,2 	Industrial & Engineering Chemistry. 19: 667-674. DOI: 10.1021/Ie50210A009	0.265
84	1926	Mott-Smith HM, Langmuir I. 	The theory of collectors in gaseous discharges 	Physical Review. 28: 727-763. DOI: 10.1103/Physrev.28.727	0.265
85	1925	Langmuir I. 	FLAMES OF ATOMIC HYDROGEN. 	Science (New York, N.Y.). 62: 463-4. PMID 17835624 DOI: 10.1126/Science.62.1612.463	0.265
86	1925	Langmuir I. 	Scattering of electrons in ionized gases 	Physical Review. 26: 585-613. DOI: 10.1103/Physrev.26.585	0.265
87	1925	Langmuir I, Kingdon KH. 	Thermionic Effects Caused by Vapours of Alkali Metals 	Proceedings of the Royal Society a: Mathematical, Physical and Engineering Sciences. 107: 61-79. DOI: 10.1098/Rspa.1925.0005	0.265
88	1924	Langmuir I, Jones HA. 	A SIMPLE METHOD FOR QUANTITATIVE STUDIES OF IONIZATION PHENOMENA IN GASES. 	Science (New York, N.Y.). 59: 380-3. PMID 17811901 DOI: 10.1126/Science.59.1530.380-B	0.265
89	1924	Langmuir I, Blodgett KB. 	Currents limited by space charge between concentric spheres 	Physical Review. 24: 49-59. DOI: 10.1103/Physrev.24.49	0.265
90	1923	Langmuir I, Kingdon KH. 	THERMIONIC EFFECTS CAUSED BY ALKALI VAPORS IN VACUUM TUBES. 	Science (New York, N.Y.). 57: 58-60. PMID 17776292 DOI: 10.1126/Science.57.1463.58	0.265
91	1923	Langmuir I. 	POSITIVE ION CURRENTS FROM THE POSITIVE COLUMN OF MERCURY ARCS. 	Science (New York, N.Y.). 58: 290-1. PMID 17772220 DOI: 10.1126/Science.58.1502.290	0.265
92	1923	Langmuir I. 	A NEW PHOTO-ELECTRIC EFFECT REFLECTION OF ELECTRONCS INDUCED BY LIGHT. 	Science (New York, N.Y.). 58: 398-400. PMID 17770641 DOI: 10.1126/Science.58.1507.398-A	0.265
93	1923	Langmuir I. 	The electron emission from thoriated tungsten filaments 	Physical Review. 22: 357-398. DOI: 10.1103/Physrev.22.357	0.265
94	1923	Langmuir I, Blodgett KB. 	Currents limited by space charge between coaxial cylinders 	Physical Review. 22: 347-356. DOI: 10.1103/Physrev.22.347	0.265
95	1923	Kingdon KH, Langmuir I. 	The removal of thorium from the surface of a thoriated tungsten filament by positive ion bombardment 	Physical Review. 22: 148-160. DOI: 10.1103/Physrev.22.148	0.265
96	1923	Langmuir I. 	The effect of space charge and initial velocities on the potential distribution and thermionic current between parallel plane electrodes 	Physical Review. 21: 419-435. DOI: 10.1103/Physrev.21.419	0.265
97	1923	Langmuir I. 	The pressure effect and other phenomena in gaseous discharges 	Journal of the Franklin Institute. 196: 751-762. DOI: 10.1016/S0016-0032(23)90859-8	0.265
98	1922	Langmuir I. 	The mechanism of the catalytic action of platinum in the reactions 2CO + O2 = 2CO2 and 2H2 + O2 = 2H2O 	Transactions of the Faraday Society. 17: 621-654. DOI: 10.1039/Tf9221700621	0.265
99	1922	Langmuir I. 	Part II.—“Heterogeneous reactions”. Chemical reactions on surfaces 	Transactions of the Faraday Society. 17: 607-620. DOI: 10.1039/Tf9221700607	0.265
100	1921	Langmuir I. 	TYPES OF VALENCE. 	Science (New York, N.Y.). 54: 59-67. PMID 17843674 DOI: 10.1126/Science.54.1386.59	0.265
101	1921	Langmuir I. 	THE STRUCTURE OF THE STATIC ATOM. 	Science (New York, N.Y.). 53: 290-3. PMID 17753224 DOI: 10.1126/Science.53.1369.290	0.265
102	1921	Bartlett G, Langmuir I. T	he crystal structures of the ammonium halides above and below the transition temperatures 	The Journal of the American Chemical Society. 43: 84-91. DOI: 10.1021/Ja01434A010	0.265
148	1929	Hull AW, Langmuir I. 	CONTROL OF AN ARC DISCHARGE BY MEANS OF A GRID. 	Proceedings of the National Academy of Sciences of the United States of America. 15: 218-25. PMID 16577170 DOI: 10.1073/Pnas.15.3.218	0.263
149	1922	Lindemann FA, Arrhenius S, Langmuir I, Dhar NR, Perrin J, McC. Lewis WC. 	Discussion on “the radiation theory of chemical action” 	Transactions of the Faraday Society. 17: 598-606. DOI: 10.1039/Tf9221700598	0.25
150	1922	Rideal E, The Chairman TC, Bone WA, Ingle-Finch G, Baly ECC, McC. Lewis WC, Edser E, Armstrong EF, Hilditch TP, Holtorp HE, Langmuir I, Arrhenius A. 	Discussion on “heterogeneous reactions” 	Transactions of the Faraday Society. 17: 655-675. DOI: 10.1039/Tf9221700655	0.248
151	1924	Baekeland LH, Bancroft WD, Boltwood BB, Booth JC, Chandler CF, Chittenden RH, Clarke FW, Cottrell FG, Cooke JP, Franklin EC, Gibbs JW, Gibbs W, Gomberg M, Hare R, Hillebrand WF, ... ... Langmuir I, et al. 	EMINENT AMERICAN CHEMISTS 	Science. 59: 158-158. DOI: 10.1126/Science.59.1520.158-A	0.243
1	1927	Curie M, Lorentz HA, Einstein A, Serex P. 	The Establishment Of An International Bureau Of Meteorology 	Science. 65: 415-417. DOI: 10.1126/Science.65.1687.415-A	0.143
2	1928	Michelson AA, Lorentz HA, Miller DC, Kennedy RJ, Hedrick ER, Epstein PS. 	Conference on the Michelson-Morley Experiment Held at Mount Wilson, February, 1927 	The Astrophysical Journal. 68: 341. DOI: 10.1086/143148	0.12
6	1928	Lorentz HA. 	How can atoms radiate? 	Journal of the Franklin Institute. 205: 449-471.	0.118
7	1927	Curie M, Lorentz HA, Einstein A. 	The Establishment of an International Bureau of Meteorology 	Science. 65: 415-417. DOI: 10.1126/science.65.1687.415.b	0.118
8	1925	Lorentz HA. 	Max Planck und die Quantentheorie 	Die Naturwissenschaften. 13: 1077-1082. DOI: 10.1007/BF01585589	0.118
9	1924	Lorentz HA. 	The radiation of light 	Nature. 113: 608-611.	0.118
10	1923	Lorentz HA. 	The rotation of the earth and its influence on optical phenomena 	Nature. 112: 103-104.	0.118
11	1922	Lorentz HA. 	RESEARCH IN THE NORMAN BRIDGE LABORATORY. 	Science (New York, N.Y.). 55: 334-5. PMID 17811155 DOI: 10.1126/science.55.1422.334	0.118
12	1922	Lorentz HA. 	Proof of a Theorem Due to Heaviside. 	Proceedings of the National Academy of Sciences of the United States of America. 8: 333-8. PMID 16576649	0.118
13	1921	Lorentz HA. 	Deux mémoires de Henri Poincaré sur la physique mathématique 	Acta Mathematica. 38: 293-308. DOI: 10.1007/BF02392073	0.118
14	1921	Lorentz HA. 	The Michelson-Morley experiment and the dimensions of moving bodies 	Nature. 106: 793-795.	0.118
28	1924	Piaggio HTH, Campbell NR, Lorentz HA, Rutherford E, de Broglie M, Millikan RA, Onnes HK, Weiss P, Brillouin L, Bragg WH, de Haas WJ, Bohr N, Ehrenfest P. M	odern Electrical Theory. Supplementary Chapters. Chapter XVII.: The Structure of the Atom 	The Mathematical Gazette. 12: 117. DOI: 10.2307/3604665	0.01
4	1930	Heisenberg W, Pauli W. 	Zur Quantentheorie der Wellenfelder. II 	Zeitschrift FüR Physik. 59: 168-190. DOI: 10.1007/Bf01341423	0.508
5	1929	Heisenberg W, Pauli W. 	Zur Quantendynamik der Wellenfelder 	Zeitschrift FüR Physik. 56: 1-61. DOI: 10.1007/Bf01340129	0.518
24	1933	Pauli W. 	Einige die Quantenmechanik betreffenden Erkundigungsfragen 	European Physical Journal. 80: 573-586. DOI: 10.1007/Bf01335695	0.263
25	1933	Pauli W. 	Über die Formulierung der Naturgesetze mit fünf homogenen Koordinaten. Teil II: Die Diracschen Gleichungen für die Materiewellen 	Annalen Der Physik. 410: 337-372. DOI: 10.1002/Andp.19334100402	0.263
26	1927	Pauli W. 	Zur Quantenmechanik des magnetischen Elektrons 	European Physical Journal. 43: 601-623. DOI: 10.1007/Bf01397326	0.263
27	1927	Pauli W. 	Über Gasentartung und Paramagnetismus 	European Physical Journal A. 41: 81-102. DOI: 10.1007/Bf01391920	0.263
28	1926	Pauli W. 	Über das Wasserstoffspektrum vom Standpunkt der neuen Quantenmechanik 	European Physical Journal. 36: 336-363. DOI: 10.1007/Bf01450175	0.263
29	1925	Pauli W. 	Über den Zusammenhang des Abschlusses der Elektronengruppen im Atom mit der Komplexstruktur der Spektren 	European Physical Journal. 31: 765-783. DOI: 10.1007/Bf02980631	0.263
30	1922	Pauli W. 	Über das Modell des Wasserstoffmolekülions 	Annalen Der Physik. 373: 177-240. DOI: 10.1002/Andp.19223731102	0.263
35	1929	Pauli WE, Politzer G. 	Über die Wirkung von Kathodenstrahlen auf die Ruhezellen und auf die Karyokinesen von Salamandra maculosa 	Zeitschrift FüR Zellforschung Und Mikroskopische Anatomie. 8: 404-424. DOI: 10.1007/BF00587498	0.12
36	1926	Hartman A, Pauli WE. 	Beobachtungen über Teerwirkung an weißen Mäusen und ihr Verhalten gegenüber von Kathodenstrahlen 	Zeitschrift FüR Anatomie Und Entwicklungsgeschichte. 80: 492-523. DOI: 10.1007/BF02136014	0.12
37	1925	Pauli WE, Redwitz Ev. 	Bemerkungen zur Konstruktion und Verwendung der Meyer-Schlüterschen Sonde Deutsche 	Zeitschrift FüR Chirurgie. 193: 343-348. DOI: 10.1007/BF02895414	0.12
38	1925	Angerer Cv, Pauli WE, Redwitz Ev. 	Über die Einwirkung der Kathodenstrahlen auf Bakterien in vitro und in frischen Wunden Deutsche 	Zeitschrift FüR Chirurgie. 193: 330-342. DOI: 10.1007/BF02895413	0.12
2	1932	Piccard A, Stahel E, Kipfer P. 	Messung der Ultrastrahlung in 16000 m Höhe 	Die Naturwissenschaften. 20: 592-593. DOI: 10.1007/BF01503758	0.01
3	1929	Piccard A, Stahel E. 	Ein neuer Versuch über die Mitführung des Äthers - Bemerkung zu der gleichnamigen Arbeit von A. Dworsky 	Zeitschrift FüR Physik. 53: 312. DOI: 10.1007/BF01339731	0.01
4	1928	Piccard A, Stahel E. 	Das Michelson-Experiment, ausgeführt auf dem Rigi, 1 800 m ü. M. 	Die Naturwissenschaften. 16: 25. DOI: 10.1007/BF01504835	0.01
5	1927	Piccard A, Stahel E. 	Neue Resultate des Michelson-Experimentes 	Die Naturwissenschaften. 15: 140. DOI: 10.1007/BF01505485	0.01
53	1932	Planck M. 	The concept of causality 	Proceedings of the Physical Society. 44: 529-539. DOI: 10.1088/0959-5309/44/5/301	0.01
54	1931	Planck M. 	James Clerk Maxwell - in Seiner Bedeutung Für Die Theoretische Physik In Deutschland 	Die Naturwissenschaften. 19: 889-894. DOI: 10.1007/BF01516331	0.01
55	1929	Planck M. 	Das Weltbild der neuen Physik 	Monatshefte FüR Mathematik Und Physik. 36: 387-410. DOI: 10.1007/BF02307625	0.01
56	1928	Planck M. 	Hendrik Antoon Lorentz 	Die Naturwissenschaften. 16: 549-555. DOI: 10.1007/BF01506805	0.01
57	1928	Planck M. 	Nachtrag zur Gedächtnisrede auf H. A. Lorentz 	Die Naturwissenschaften. 16: 580. DOI: 10.1007/BF01505022	0.01
58	1927	Planck M. 	Die physikalische Realität der Lichtquanten 	Die Naturwissenschaften. 15: 529-531. DOI: 10.1007/BF01504809	0.01
59	1927	Planck M. 	The physical reality of light-quanta 	Journal of the Franklin Institute. 204: 13-18.	0.01
60	1926	Planck M. 	Physikalische Gesetzlichkeit - im Lichte neuerer Forschung 	Die Naturwissenschaften. 14: 249-261. DOI: 10.1007/BF01491761	0.01
61	1926	Planck M. 	Eine neue statistische Definition der Entropie 	Zeitschrift FüR Physik. 35: 155-169. DOI: 10.1007/BF01379996	0.01
62	1925	Planck M. 	Vom Relativen zum Absoluten 	Die Naturwissenschaften. 13: 53-59. DOI: 10.1007/BF01559357	0.01
63	1923	Planck M. 	Die Bohrsche Atomtheorie 	Die Naturwissenschaften. 11: 535-537. DOI: 10.1007/BF01554347	0.01
64	1921	Planck M. 	Henri Poincaré und die Quantentheorie 	Acta Mathematica. 38: 387-397. DOI: 10.1007/BF02392075	0.01
6	1930	Rao SR, Richardson OW. 	Total secondary electron emission from polycrystalline Nickel 	Proceedings of the Royal Society a: Mathematical, Physical and Engineering Sciences. 128: 41-56. DOI: 10.1098/Rspa.1930.0091	0.251
7	1922	Richardson OW. 	I. The emission of electrons under the influence of chemical action 	Philosophical Transactions of the Royal Society A. 222: 1-43. DOI: 10.1098/Rsta.1922.0001	0.251
14	1932	Richardson OW. 	Alte und neue Fragen der Elektronenemission 	Monatshefte FüR Mathematik Und Physik. 39: 245-258. DOI: 10.1007/BF01699068	0.12
15	1931	Richardson OW. 	Isolated quantised magnetic poles [1] 	Nature. 128: 582.	0.12
16	1931	Richardson OW, Williams WE. 	Fine structure in the hydrogen band lines [2] 	Nature. 127: 481.	0.12
17	1929	Richardson OW. Part I. 	Band spectra in the visible and ultra-violet regions. Nomenclature and symbolism for the spectra of diatomic molecules 	Transactions of the Faraday Society. 25: 628-633.	0.12
18	1929	Richardson OW. 	A new connexion between the absorption spectrum of hydrogen and the many lined spectrum [1] 	Nature. 124: 408.	0.12
19	1929	Richardson OW, Andrewes U. 	Soft x-rays from crystal faces [1]	 Nature. 123: 344.	0.12
20	1929	Richardson OW. 	The electronic levels of H2 	Transactions of the Faraday Society. 25: 686-693.	0.12
21	1928	Richardson OW. 	The hydrogen molecule [2] 	Nature. 121: 320.	0.12
22	1928	Richardson OW, Davidson PM. 	The spectrum of the hydrogen molecule [2] 	Nature. 121: 1018.	0.12
23	1926	Richardson OW. 	The present state of atomic physics 	Proceedings of the Physical Society. 39: 171-186. DOI: 10.1088/0959-5309/39/1/316	0.12
24	1926	Richardson OW. 	Spinning electrons [2] 	Nature. 117: 652.	0.12
25	1926	Richardson OW. 	The secondary hydrogen spectrum 	Nature. 118: 116.	0.12
26	1924	Richardson OW. 	Electron emission from metals as a function of temperature 	Physical Review. 23: 153-155. DOI: 10.1103/PhysRev.23.153	0.12
27	1924	Richardson O. 	XCVII. Photoelectric and photochemical activity 	The London, Edinburgh, and Dublin Philosophical Magazine and Journal of Science. 47: 975-976. DOI: 10.1080/14786442408565283	0.12
28	1924	Richardson OW, Tanaka T. 	The continuous spectrum of hydrogen [3] 	Nature. 113: 92-193.	0.12
29	1923	Richardson OW. 	Thermionic emission from systems with multiple thresholds 	Proceedings of the Physical Society of London. 36: 383-398. DOI: 10.1088/1478-7814/36/1/344	0.12
30	1923	Richardson OW. 	The disappearing gap in the spectrum 	Nature. 111: 118-121.	0.12
31	1921	Richardson OW. 	PROBLEMS OF PHYSICS. 	Science (New York, N.Y.). 54: 283-91. PMID 17818864 DOI: 10.1126/science.54.1396.283	0.12
37	1932	von Traubenberg HR, Gebauer R, SchrÃdinger E. Ã	ber das Verhalten des Starkeffekts bei plÃtzlichen FeldÃ¤nderungen 	Zeitschrift FüR Physik. 78: 309-317. DOI: 10.1007/BF01342198	0.119
38	1931	SchrÃdinger E. 	Bemerkung zu der Arbeit des Herrn V. Fock: ""Die inneren Freiheitsgrade des Elektrons"" 	Zeitschrift FüR Physik. 70: 808-810. DOI: 10.1007/BF01340623"	0.119
39	1929	SchrÃdinger E. 	Was ist ein Naturgesetz? 	Die Naturwissenschaften. 17: 9-11. DOI: 10.1007/BF01505758	0.119
40	1929	SchrÃdinger E. 	Die Erfassung der Quantengesetze durch kontinuierliche Funktionen 	Die Naturwissenschaften. 17: 486-489. DOI: 10.1007/BF01505681	0.119
41	1927	SchrÃdinger E. 	Ãber den Comptoneffekt 	Annalen Der Physik. 387: 257-264. DOI: 10.1002/ANDP.19273870210	0.119
42	1926	SchrÃdinger E. 	An undulatory theory of the mechanics of atoms and molecules 	Physical Review. 28: 1049-1070. DOI: 10.1103/PhysRev.28.1049	0.119
43	1926	SchrÃdinger E. 	Der stetige Ãbergang von der Mikro- zur Makromechanik 	Die Naturwissenschaften. 14: 664-666. DOI: 10.1007/BF01507634	0.119
44	1926	Grotrian W, SchrÃdinger E, Ã.. 	Mitteilungen aus verschiedenen Gebieten 	Die Naturwissenschaften. 14: 144-148. DOI: 10.1007/BF01507301	0.119
45	1926	SchrÃdinger E. 	Ãber das VerhÃ¤ltnis der Heisenberg-Born-Jordanschen Quantenmechanik zu der meinem 	Annalen Der Physik. 384: 734-756. DOI: 10.1002/ANDP.19263840804	0.119
46	1926	SchrÃdinger E. 	Quantisierung als Eigenwertproblem 	Annalen Der Physik. 384: 361-376. DOI: 10.1002/ANDP.19263840404	0.119
47	1925	SchrÃdinger E. 	Ãber die subjektiven Sternfarben und die QualitÃt der DÃmmerungsempfindung 	Die Naturwissenschaften. 13: 373-376. DOI: 10.1007/BF01559096	0.119
48	1924	SchrÃdinger E. 	Ãber den Ursprung der Empfindlichkeitskurven des Auges 	Die Naturwissenschaften. 12: 925-929. DOI: 10.1007/BF01507096	0.119
49	1924	SchrÃdinger E. 	Bohrs neue Strahlungshypothese und der Energiesatz 	Die Naturwissenschaften. 12: 720-724. DOI: 10.1007/BF01504820	0.119
50	1924	SchrÃdinger E. 	Ãber die RotationswÃ¤rme des Wasserstoffs 	Zeitschrift FüR Physik. 30: 341-349. DOI: 10.1007/BF01331851	0.119
51	1924	SchrÃdinger E. 	Bemerkung zu zwei Arbeiten des Herrn ElemÃr CsÃ¡szÃ¡r Ãber Strahlungstheorie und spezifische WÃ¤rmen 	Zeitschrift FüR Physik. 25: 173-174. DOI: 10.1007/BF01327519	0.119
52	1923	SchrÃdinger E. 	Ãber eine bemerkenswerte Eigenschaft der Quantenbahnen eines einzelnen Elektrons 	Zeitschrift FüR Physik. 12: 13-23. DOI: 10.1007/BF01328077	0.119
53	1922	SchrÃdinger E. 	Ãber die spezifische WÃ¤rme fester KÃrper usw 	Zeitschrift FüR Physik. 11: 396. DOI: 10.1007/BF01328430	0.119
54	1922	SchrÃdinger E. 	Ãber die spezifische WÃ¤rme fester KÃrper bei hoher Temperatur und Ã¼ber die Quantelung von Schwingungen endlicher Amplitude 	Zeitschrift FüR Physik. 11: 170-176. DOI: 10.1007/BF01328412	0.119
55	1921	SchrÃdinger E. 	Versuch zur modellmÃ¤Ãigen Deutung des Terms der scharfen Nebenserien 	Zeitschrift FüR Physik. 4: 347-354. DOI: 10.1007/BF01332499	0.119
56	1921	SchrÃdinger E. 	Isotopie und Gibbssches Paradoxon 	Zeitschrift FüR Physik. 5: 163-166. DOI: 10.1007/BF01329248	0.119
1	1925	De Broglie L.	Recherches sur la théorie des quanta	Ann. de Physique (10) 3, 22.	1
2	1923 	De Broglie L.	Waves and quanta	Nature, 112(2815), 540-540.	1
3	1924	De Broglie L.	XXXV. A tentative theory of light quanta. 	The London, Edinburgh, and Dublin Philosophical Magazine and Journal of Science, 47(278), 446-458.	1
4	1926	de Broglie L. 	Interference and corpuscular light.	 Nature, 118(2969), 441-442.	1
5	1927	De Broglie L. 	La mécanique ondulatoire et la structure atomique de la matière et du rayonnement.	Journal de Physique et le Radium, 8(5), 225-241.	1
6	1922	De Broglie L. 	Rayonnement noir et quanta de lumière. 	Journal de Physique et le Radium, 3(11), 422-428.	1
8	1927	De Broglie L.	L'univers a cinq dimensions et la mécanique ondulatoire. 	Journal de Physique et le Radium, 8(2), 65-73	1
9	1933	De Broglie L.	Relativité et quanta. 	Revue de Métaphysique et de Morale, 40(3), 269-279.	1
10 	1929	De Broglie L. 	Déterminisme et causalité dans la physique contemporaine. 	Revue de Métaphysique et de Morale;36(4):433-43.	1
11	1928	De Broglie L, de Broglie M. 	Introduction à la physique des rayons X et gamma	Gauthier-Villars.	1
1	1926	Brillouin L. 	Remarques sur la mécanique ondulatoire.	Journal de Physique et le Radium, 7(12), 353-368.	1
2	1930	Brillouin L.	Les électrons libres dans les métaux et le role des réflexions de Bragg. 	Journal de Physique et le Radium. 1930;1(11):377-400.2	1
3	1927	Brillouin L.	Les moments de rotation et le magnétisme dans la mécanique ondulatoire. 	Journal de Physique et le Radium, 8(2), pp.74-84.	1
4	1925	Brillouin L.	Les tensions de radiation; leur interprétation en mécanique classique et en relativité. 	J. Phys. Radium, 6(11), pp.337-353.	1
5	1933	Brillouin L. 	Le champ self-consistent, pour des électrons liés; la supraconductibilité. 	Journal de Physique et le Radium;4(7):333-61.	1
6	1931	Brillouin L. 	Quantenstatistik. 	Die Quantenstatistik und Ihre Anwendung auf die Elektronentheorie der Metalle  (pp. 124-157)	1
7	1922	Brillouin L. 	Influence de l'agitation thermique sur la viscosité des liquides. Propagation d'ondes élastiques dans un milieu en mouvement. 	Journal de Physique et le Radium ;3(10):362-83.	1
8	1928	Brillouin L. 	Is it possible to test by a direct experiment the hypothesis of the spinning electron?. 	Proceedings of the National Academy of Sciences of the United States of America.14(10):755.	1
9	1933	Brillouin L. 	Sur la stabilité du courant dans un supraconducteur. 	Journal de Physique et le Radium 4(12):677-90.	1
10 	1927	Brillouin L. 	Comparaison des différentes statistiques appliquées aux problèmes de quanta. 	Annales de physique (Vol. 10, No. 7, pp. 315-331).	1
1	1928	Dirac PAM	The quantum theory of the electron	Proceedings of the Royal Society of London. Series A, Containing Papers of a …, 	1
2	1931	Dirac PAM	Quantised singularities in the electromagnetic field	Proceedings of the Royal Society of London. Series A, Containing Papers of a …, 	1
3	1930	Dirac PAM	Note on exchange phenomena in the Thomas atom	Proceedings of the Cambridge Philosophical Society 26, 376,	1
4	1927	Dirac PAM	The quantum theory of the emission and absorption of radiation	Proceedings of the Royal Society of London. Series A, Containing Papers of a …, 	1
5	1929	Dirac PAM	Quantum mechanics of many-electron systems	Proceedings of the Royal Society of London. Series A 123 (792), 714-733, 	1
6	1926	Dirac PAM	On the theory of quantum mechanics	Proceedings of the Royal Society of London. Series A, Containing Papers of a …, 	1
7	1930	Dirac PAM	A theory of electrons and protons	Proceedings of the Royal Society of London. Series A 126 (801), 360-365, 	1
8	1928	Dirac PAM	The quantum theory of the electron. Part II	Proceedings of the Royal Society of London. Series A 118 (779), 351-361,	1
9	1933	Dirac PAM	The Lagrangian in quantum mechanics	Phys. Z. USSR 3, 64-72,	1
10	1925	Dirac PAM	The fundamental equations of quantum mechanics	Proceedings of the Royal Society of London. Series A 109 (752), 642, 	1
11	1933	Kapitza PL, Dirac PAM	The reflection of electrons from standing light waves	Mathematical Proceedings of the Cambridge Philosophical Society 29 (02), 297-300, 	1
12	1930	Dirac PAM	On the annihilation of electrons and protons	Mathematical Proceedings of the Cambridge Philosophical Society 26 (03), 361-375, 	1
13	1927	Dirac PAM	The physical interpretation of the quantum dynamics	Proceedings of the Royal Society of London. Series A 113 (765), 621-641,	1
0	1923	CE Guye, R Rudy 	Sur la rotation de la décharge électrique dans un champ magnétique et la détermination des diamètres moléculaires	 AArchives des sciences physiques et naturelles,  	1
1	1921	CE Guye, A Rothen 	Recherches sur la rotation de la décharge électrique dans un champ magnétique	 AArchives des sciences physiques et naturelles,  	1
2	1929	CE Guye, H Saini 	Contribution expérimentale à l'étude énergétique des phénomènes d'imbibition	 Helvetica physica acta,  	1
3	1923	CE Guye, JJ Weigle 	Potentiel disruptif dans les gaz aux pressions élevées et champ moléculaire (suite)	 AArchives des sciences physiques et naturelles,  	1
4	1927	CE Guye, BJ Luyet 	Recherches sur la rotation de la décharge électrique dans un gaz décomposable	 AArchives des sciences physiques et naturelles, 	1
5	1922	CE Guye, P Mercier 	Recherches complémentaires sur le potentiel explosif dans l'anhydride carbonique aux pressions élevées	 AArchives des sciences physiques et naturelles,  	1
6	1929	CE Guye, MI Archinard 	Contribution à l'étude dynamique de l'amalgamation	 Helvetica physica acta,  	1
7	1926	CE Guye 	Remarque sur le mode d'évaluation du libre parcours moyen des centres électrisés dans un mélange de gaz, et son application à la théorie de la rotation de la …	 Compte rendu des séances de la Société de …, 	1
8	1925	CE Guye 	Quelques problèmes d'énergétique en relation avec le problème de l'ascension de la sève	 Compte rendu des séances de la Société de …,  	1
9	1926	C Biéler	Influence de l'écrouissage et du recuit sur les propriétés magnétiques de l'invar	Archives des sciences physiques et naturelles, 5, 271-272. 	1
10	1925	CE Guye 	Problèmes d'énergétique en relation avec le problème de l'ascension de la sève: ascension entretenue (2me note)	 Compte rendu des séances de la Société de …,  	1
11	1926	CE Guye 	Sur le mouvement d'ascension d'un liquide le long de la paroi interne d'un tube mouillé et sa relation possible avec le problème de l'ascension de la sève	 Compte rendu des séances de la Société de …, 	1
12	1925	CE Guye 	Ascension spontanée d'un liquide le long d'une paroi qu'il mouille	 Compte rendu des séances de la Société de …,  	1
13	1926	CE Guye 	Sur l'équation du potentiel explosif dans un mélange de deux gaz	 Compte rendu des séances de la Société de …,  	1
14	1922	CE Guye 	Sur la loi de Paschen généralisée au cas de diélectriques polarisables	 Archives des sciences physiques et naturelles,  	1
15	1927	CE Guye 	Essai de théorie cinétique des accidents de la circulation dans une agglomération urbaine	 Archives des sciences physiques et naturelles,  	1
16	1922	CE Guye 	Les tendances de la physique moderne et la notion de matière	 Archives des sciences physiques et naturelles,  	1
17	1923	CE Guye, JJ Weigle 	Potentiel disruptif dans les gaz aux pressions élevées et champ moléculaire (suite et fin)	 AArchives des sciences physiques et naturelles,  	1
18	1927	CE Guye, BJ Luyet 	Recherches sur la rotation de la décharge électrique dans un gaz décomposable (suite et fin)	 AArchives des sciences physiques et naturelles,  	1
19	1924	CE Guye 	Lucien de la Rive, 1834-1924	 Archives des sciences physiques et naturelles,  	1
20	1924	A Pazziani, CE Guye 	Influence du recuit sur le frottement intérieur des fils de quartz aux températures élevées	 AArchives des sciences physiques et naturelles,  	1
21	1924	CE Guye 	La loi de répartition des vitesses moléculaires et les actions de surface	 Journal de chimie physique,  	1
22	1923	CE Guye, JJ Weigle 	Potentiel disruptif dans les gaz aux pressions élevées et champ moléculaire	 AArchives des sciences physiques et naturelles,  	1
23	1923	CE Guye, R Rudy 	Sur la rotation de la décharge électrique dans un champ magnétique et la détermination des diamètres moléculaires (suite et fin)	 AArchives des sciences physiques et naturelles,  	1
24	1929	CE Guye, A Dupraz 	Influence du champ magnétique sur le frottement intérieur des corps solides magnétisables	 Helvetica physica acta,  	1
25	1924	A Pazziani, CE Guye 	Influence du recuit sur le frottement intérieur des fils de quartz aux températures élevées (suite)	 AArchives des sciences physiques et naturelles,  	1
26	1925	CE Guye, JR Clarke 	Physico-chemical evolution	  	1
27	1921	A Rothen, CE Guye 	Recherches sur la rotation de la décharge électrique dans un champ magnétique	 Archives des sciences physiques et naturelles, 5(5), 441-470.	1
0	1930	M Knudsen 	Radiometer pressure and coefficient of accommodation	 1930 	1
1	1930	M Knudsen 	Radiometerdruck und Akkommodationskoeffizient	 Annalen der physik, 1930 	1
3	1927	M Knudsen 	The Hot-Wire Manometer	 1927 	1
4	1922	M Knudsen 	On measurement of the penetration of light into the sea	 ICES Journal of Marine Science, 1922 	1
5	1929	M Knudsen 	A frameless reversing waterbottle	 ICES Journal of Marine Science, 1929 	1
6	1928	M KNUDSEN 	A New Bottom-Sampler for Oceanographical Research.	 Nature, 1928 	1
7	1923	M Knudsen 	Some new oceanographical instruments	 ICES Journal of Marine Science, 1923 	1
8	1927	M Knudsen 	Thermischer Molekulardruck in Röhren	 Annalen der Physik, 1927 	1
12	1921	JP Jacobsen, M Knudsen 	Manuel pratique de l'analyse de l'eau de mer: II. Dosage de l'oxygène dans l'eau de mer par la méthode de Winkler	 1921	1
13	1925	M Knudsen 	L'emploi de l'eau normale dans l'océanographie	 ICES Journal of Marine Science, 1925 	1
17	1927	M Knudsen 	Das Hitzdrahtmanometer	 Annalen der Physik, 1927 	1
18	1927	M Knudsen 	Thermal Molecular Pressure in Tubes	 1927 	1
0	1928	M d'Ocagne, G Darmois, T De Donder,	Le problème géométrique des déblais et remblais	 1928 	1
1	1921	T De Donder, T Donder 	La gravifique einsteinienne	 1921 	1
2	1925	T De Donder 	Introduction à la gravifique einsteinienne	 1925 	1
3	1930	T De Donder 	Théorie invariantive du calcul des variations	 1930 	1
4	1927	T De Donder 	L'affinité	 Mémoires de la Classe des sciences. Académie …, 1927 	1
5	1930	T De Donder 	Applications de la gravifique einsteinienne	 1930 	1
6	1926	T De Donder, FH Van Den Dungen 	Physique mathématique-La quantification déduite de la Gravifique einsteinienne	 … rendus hebdomadaires des …, 1926 	1
7	1932	T De Donder 	Application de la gravifique einsteinienne à l'électrodynamique des corps en mouvement	 1932 	1
8	1922	T De Donder 	L'Affinité: Application aux gaz parfaits	 Bulletin de la Classe des sciences. Académie …, 1922 	1
10	1930	T De Donder 	Einsteinian gravity	 Annales de l'Institut Henri Poincaré, 1930 	1
11	1922	T de Donder 	Bez naslova	 Bulletin de l 'Académie Royale de Belgique, Classe …, 1922	1
12	1927	T De Donder 	Théorie des invariants intégraux	 1927 	1
13	1926	T De Donder 	Application de la quantification déduite de la Gravifique einsteinienne	 Comptes rendus hebdomadaires des séances de l …, 1926 	1
14	1926	T De Donder 	Application de la relativité aux systèmes atomiques et moléculaires	 Comptes rendus hebdomadaires des séances de l …, 1926 	1
15	1932	T De Donder, Y Dupont 	Théorie relativiste de l'élasticité et de l'électromagnétisation	 Bulletin de la Classe des sciences …, 1932 	1
16	1927	T De Donder 	Le principe de correspondance déduit de la gravifique et de la mécanique ondulatoire	 Bulletin de la Classe des sciences. Académie …, 1927 	1
17	1925	T De Donder 	Théorie mathématique de l'électricité: 1. ptie	 1925 	1
18	1922	T de Donder 	Review of La théorie de la relativité et ses applications à l'astronomie, by Emile Picard	 Revue Universitaire Bruxelles, 1922	1
19	1922	T de Donder 	Review of L'éther actuel et ses précurseurs, by Ernest M. Lémeray	 Revue Universitaire Bruxelles, 1922	1
1	1921	Wilson CTR. 	III. Investigations on lighting discharges and on the electric field of thunderstorms. 	Philosophical Transactions of the Royal Society of London.;221(582-593):73-115.	1
2	1923 	Wilson CTR. 	Investigations on X-rays and β-rays by the cloud method. Part 1.—X-rays. 	Proceedings of the Royal Society of London. Series A;104(724):1-24.	1
3 	1933 	Wilson CTR. 	On a new type of expansion apparatus. 	Proceedings of the Royal Society of London.142(846):88-91.	1



